2,0.33356,0.001,0,0
2,0.662,0.0029,0,0
2,0.662,0.0045,0,0
2,0.488765,0.0053,0,0
2,0.355906,0.011,0,0
2,0.662,0.0114,0,0
2,0.0114605,0.0131,0,0
2,0.662,0.0149,0,0
2,0.662,0.0164,0,0
2,0.202376,0.0174,0,0
2,0.0473481,0.0176,0,0
2,0.178296,0.0191,0,0
2,0.662,0.0219,0,0
2,0.662,0.0232,0,0
2,0.0236337,0.0247,0,0
2,0.37649,0.028,0,0
2,0.191211,0.0289,0,0
2,0.662,0.0304,0,0
2,0.440114,0.0312,0,0
2,0.662,0.0315,0,0
2,0.662,0.0353,0,0
2,0.0149355,0.0368,0,0
2,0.41231,0.039,0,0
2,0.40295,0.0399,0,0
2,0.210072,0.0405,0,0
2,0.465682,0.041,0,0
2,0.238553,0.0413,0,0
2,0.662,0.0417,0,0
2,0.14836,0.0419,0,0
2,0.0846218,0.044,0,0
2,0.284848,0.0457,0,0
2,0.662,0.0459,0,0
2,0.171092,0.0479,0,0
2,0.208606,0.0483,0,0
2,0.0435155,0.0496,0,0
2,0.662,0.05,0,0
2,0.655684,0.0517,0,0
2,0.044173,0.0547,0,0
2,0.662,0.0562,0,0
2,0.0276933,0.0577,0,0
2,0.0189828,0.0586,0,0
2,0.49357,0.0601,0,0
2,0.29293,0.063,0,0
2,0.662,0.0643,0,0
2,0.174511,0.0654,0,0
2,0.662,0.0662,0,0
2,0.662,0.0713,0,0
2,0.318187,0.072,0,0
2,0.532035,0.0735,0,0
2,0.662,0.0764,0,0
2,0.458078,0.0772,0,0
2,0.662,0.0777,0,0
2,0.662,0.0779,0,0
2,0.0789989,0.0781,0,0
2,0.0626849,0.0782,0,0
2,0.662,0.0797,0,0
2,0.135709,0.0829,0,0
2,0.473198,0.0861,0,0
2,0.255092,0.0879,0,0
2,0.662,0.0886,0,0
2,0.662,0.0898,0,0
2,0.0323215,0.0963,0,0
2,0.662,0.0967,0,0
2,0.213672,0.0973,0,0
2,0.662,0.0992,0,0
2,0.662,0.102,0,0
2,0.662,0.1027,0,0
2,0.402721,0.105,0,0
2,0.662,0.1059,0,0
2,0.662,0.107,0,0
2,0.662,0.108,0,0
2,0.0964794,0.1082,0,0
2,0.662,0.1108,0,0
2,0.422955,0.1134,0,0
2,0.662,0.1136,0,0
2,0.662,0.1166,0,0
2,0.662,0.1169,0,0
2,0.662,0.1199,0,0
2,0.0752311,0.1207,0,0
2,0.125639,0.1236,0,0
2,0.662,0.1239,0,0
2,0.210017,0.1253,0,0
2,0.0626846,0.1254,0,0
2,0.392274,0.1268,0,0
2,0.130464,0.127,0,0
2,0.3327,0.129,0,0
2,0.662,0.1309,0,0
2,0.662,0.1314,0,0
2,0.158989,0.1337,0,0
2,0.662,0.1388,0,0
2,0.170025,0.1411,0,0
2,0.326616,0.1447,0,0
2,0.662,0.1453,0,0
2,0.662,0.1459,0,0
2,0.379744,0.1465,0,0
2,0.0742287,0.1479,0,0
2,0.662,0.148,0,0
2,0.662,0.1485,0,0
2,0.293534,0.1487,0,0
2,0.662,0.149,0,0
2,0.662,0.1515,0,0
2,0.397375,0.1591,0,0
2,0.422078,0.1596,0,0
2,0.662,0.1605,0,0
2,0.662,0.1614,0,0
2,0.133443,0.1644,0,0
2,0.662,0.166,0,0
2,0.662,0.1691,0,0
2,0.133472,0.1696,0,0
2,0.0308127,0.1718,0,0
2,0.447751,0.1721,0,0
2,0.662,0.1733,0,0
2,0.139354,0.1736,0,0
2,0.131855,0.1747,0,0
2,0.396985,0.1813,0,0
2,0.662,0.1866,0,0
2,0.662,0.1877,0,0
2,0.178627,0.1879,0,0
2,0.662,0.1894,0,0
2,0.0205564,0.1916,0,0
2,0.237622,0.1931,0,0
2,0.662,0.1936,0,0
2,0.0982797,0.1962,0,0
2,0.0758121,0.1963,0,0
2,0.315656,0.1977,0,0
2,0.353803,0.1992,0,0
2,0.662,0.2009,0,0
2,0.315752,0.2012,0,0
2,0.315922,0.2014,0,0
2,0.367444,0.2117,0,0
2,0.0498153,0.2135,0,0
2,0.0838689,0.2141,0,0
2,0.209087,0.2155,0,0
2,0.662,0.2202,0,0
2,0.312397,0.2217,0,0
2,0.0835749,0.2229,0,0
2,0.275966,0.2238,0,0
2,0.662,0.2241,0,0
2,0.662,0.226,0,0
2,0.470936,0.2265,0,0
2,0.662,0.2281,0,0
2,0.662,0.2313,0,0
2,0.297682,0.2348,0,0
2,0.662,0.2406,0,0
2,0.0969497,0.242,0,0
2,0.662,0.2423,0,0
2,0.0424622,0.2443,0,0
2,0.662,0.2492,0,0
2,0.0106006,0.2511,0,0
2,0.0554294,0.2518,0,0
2,0.646448,0.2519,0,0
2,0.662,0.2522,0,0
2,0.0352416,0.2533,0,0
2,0.311308,0.2537,0,0
2,0.662,0.2598,0,0
2,0.662,0.2609,0,0
2,0.372093,0.2619,0,0
2,0.214998,0.266,0,0
2,0.12547,0.2716,0,0
2,0.662,0.2745,0,0
2,0.116471,0.2751,0,0
2,0.052348,0.2783,0,0
2,0.662,0.282,0,0
2,0.662,0.2848,0,0
2,0.474111,0.2855,0,0
2,0.662,0.2866,0,0
2,0.662,0.2869,0,0
2,0.662,0.2875,0,0
2,0.662,0.2921,0,0
2,0.662,0.2936,0,0
2,0.075883,0.2939,0,0
2,0.208785,0.2957,0,0
2,0.662,0.2999,0,0
2,0.408373,0.3013,0,0
2,0.662,0.305,0,0
2,0.144165,0.3063,0,0
2,0.662,0.308,0,0
2,0.662,0.3085,0,0
2,0.355291,0.3095,0,0
2,0.662,0.3097,0,0
2,0.252038,0.3106,0,0
2,0.662,0.3125,0,0
2,0.461119,0.3139,0,0
2,0.471403,0.3155,0,0
2,0.207248,0.3169,0,0
2,0.662,0.3178,0,0
2,0.662,0.3191,0,0
2,0.0692054,0.3198,0,0
2,0.0643723,0.3219,0,0
2,0.662,0.3241,0,0
2,0.259656,0.3245,0,0
2,0.662,0.3274,0,0
2,0.0305892,0.3292,0,0
2,0.124633,0.3293,0,0
2,0.0308891,0.3311,0,0
2,0.662,0.3331,0,0
2,0.414104,0.3341,0,0
2,0.374032,0.3365,0,0
2,0.33709,0.337,0,0
2,0.188484,0.3376,0,0
2,0.127808,0.3398,0,0
2,0.154423,0.3402,0,0
2,0.662,0.3407,0,0
2,0.211178,0.3412,0,0
2,0.662,0.342,0,0
2,0.662,0.3422,0,0
2,0.0249495,0.3425,0,0
2,0.437481,0.3441,0,0
2,0.0742137,0.3464,0,0
2,0.105436,0.3485,0,0
2,0.282689,0.3503,0,0
2,0.338045,0.3541,0,0
2,0.0666521,0.3553,0,0
2,0.267908,0.3575,0,0
2,0.467605,0.359,0,0
2,0.280747,0.3594,0,0
2,0.0715834,0.3604,0,0
2,0.0718093,0.3632,0,0
2,0.455733,0.3642,0,0
2,0.662,0.3661,0,0
2,0.301797,0.3662,0,0
2,0.662,0.3699,0,0
2,0.662,0.3701,0,0
2,0.382615,0.38,0,0
2,0.43998,0.3806,0,0
2,0.468447,0.3816,0,0
2,0.662,0.3843,0,0
2,0.453112,0.3851,0,0
2,0.411276,0.3859,0,0
2,0.662,0.3876,0,0
2,0.662,0.4024,0,0
2,0.662,0.404,0,0
2,0.662,0.4041,0,0
2,0.350231,0.4048,0,0
2,0.662,0.4097,0,0
2,0.0295803,0.4103,0,0
2,0.662,0.4124,0,0
2,0.0680912,0.4125,0,0
2,0.367939,0.4137,0,0
2,0.662,0.4139,0,0
2,0.662,0.4144,0,0
2,0.321563,0.4145,0,0
2,0.662,0.4171,0,0
2,0.147597,0.4176,0,0
2,0.171978,0.4201,0,0
2,0.662,0.4237,0,0
2,0.456071,0.4283,0,0
2,0.662,0.4292,0,0
2,0.274652,0.4316,0,0
2,0.317892,0.4317,0,0
2,0.12888,0.432,0,0
2,0.33793,0.4322,0,0
2,0.662,0.4334,0,0
2,0.662,0.4384,0,0
2,0.0346859,0.4439,0,0
2,0.471478,0.448,0,0
2,0.228707,0.4524,0,0
2,0.183547,0.4526,0,0
2,0.355279,0.4543,0,0
2,0.0789067,0.4545,0,0
2,0.0677214,0.4555,0,0
2,0.662,0.4601,0,0
2,0.662,0.4605,0,0
2,0.424381,0.4608,0,0
2,0.43912,0.4618,0,0
2,0.0395788,0.4636,0,0
2,0.23123,0.464,0,0
2,0.11503,0.4642,0,0
2,0.208293,0.4648,0,0
2,0.0882817,0.4655,0,0
2,0.662,0.4658,0,0
2,0.662,0.4663,0,0
2,0.166694,0.4671,0,0
2,0.662,0.4699,0,0
2,0.662,0.4713,0,0
2,0.575039,0.4729,0,0
2,0.0976029,0.4745,0,0
2,0.227842,0.4751,0,0
2,0.662,0.4769,0,0
2,0.662,0.4772,0,0
2,0.475318,0.4806,0,0
2,0.662,0.4843,0,0
2,0.653324,0.4849,0,0
2,0.662,0.4889,0,0
2,0.23594,0.49,0,0
2,0.00207632,0.4921,0,0
2,0.662,0.4922,0,0
2,0.662,0.4941,0,0
2,0.662,0.4956,0,0
2,0.662,0.4969,0,0
2,0.221836,0.497,0,0
2,0.212525,0.4978,0,0
2,0.662,0.4984,0,0
2,0.662,0.4986,0,0
2,0.662,0.5023,0,0
2,0.662,0.5045,0,0
2,0.471083,0.5058,0,0
2,0.662,0.5064,0,0
2,0.662,0.5071,0,0
2,0.0563108,0.5079,0,0
2,0.662,0.5082,0,0
2,0.445629,0.5103,0,0
2,0.662,0.5127,0,0
2,0.662,0.5141,0,0
2,0.662,0.5171,0,0
2,0.0666185,0.5174,0,0
2,0.213065,0.5215,0,0
2,0.662,0.522,0,0
2,0.469779,0.5275,0,0
2,0.662,0.5292,0,0
2,0.662,0.53,0,0
2,0.329819,0.5347,0,0
2,0.0600477,0.5353,0,0
2,0.40444,0.5373,0,0
2,0.312588,0.5408,0,0
2,0.0753174,0.5435,0,0
2,0.662,0.5455,0,0
2,0.662,0.548,0,0
2,0.385419,0.5488,0,0
2,0.207286,0.5499,0,0
2,0.662,0.5514,0,0
2,0.118729,0.5516,0,0
2,0.662,0.5525,0,0
2,0.292905,0.5539,0,0
2,0.662,0.5564,0,0
2,0.450907,0.5578,0,0
2,0.0836164,0.5619,0,0
2,0.403088,0.5641,0,0
2,0.127513,0.5682,0,0
2,0.662,0.5703,0,0
2,0.662,0.5719,0,0
2,0.150421,0.5724,0,0
2,0.153789,0.5726,0,0
2,0.662,0.5738,0,0
2,0.276242,0.5745,0,0
2,0.662,0.5763,0,0
2,0.662,0.5778,0,0
2,0.39839,0.5792,0,0
2,0.662,0.5824,0,0
2,0.662,0.5853,0,0
2,0.229101,0.5854,0,0
2,0.662,0.5857,0,0
2,0.191475,0.5866,0,0
2,0.653615,0.5886,0,0
2,0.662,0.5895,0,0
2,0.643049,0.5934,0,0
2,0.662,0.5955,0,0
2,0.662,0.5957,0,0
2,0.000213847,0.5982,0,0
2,0.427152,0.6001,0,0
2,0.298178,0.6002,0,0
2,0.662,0.6023,0,0
2,0.662,0.6037,0,0
2,0.0168918,0.6053,0,0
2,0.662,0.606,0,0
2,0.0414501,0.6068,0,0
2,0.280139,0.6082,0,0
2,0.662,0.6113,0,0
2,0.085516,0.6157,0,0
2,0.662,0.6162,0,0
2,0.662,0.6166,0,0
2,0.662,0.6195,0,0
2,0.662,0.622,0,0
2,0.0324198,0.6222,0,0
2,0.0282349,0.6232,0,0
2,0.365792,0.6239,0,0
2,0.268525,0.6255,0,0
2,0.151146,0.6282,0,0
2,0.0608388,0.6298,0,0
2,0.0305766,0.6304,0,0
2,0.406868,0.6316,0,0
2,0.662,0.6333,0,0
2,0.408683,0.6416,0,0
2,0.662,0.6421,0,0
2,0.162387,0.6422,0,0
2,0.423443,0.6423,0,0
2,0.662,0.6428,0,0
2,0.472029,0.6448,0,0
2,0.662,0.6461,0,0
2,0.170644,0.647,0,0
2,0.662,0.6511,0,0
2,0.293186,0.652,0,0
2,0.465388,0.6528,0,0
2,0.662,0.6578,0,0
2,0.662,0.6584,0,0
2,0.321756,0.6601,0,0
2,0.662,0.6606,0,0
2,0.102216,0.6621,0,0
2,0.374153,0.6693,0,0
2,0.662,0.6695,0,0
2,0.463396,0.6699,0,0
2,0.137586,0.6701,0,0
2,0.662,0.6708,0,0
2,0.2942,0.6717,0,0
2,0.338202,0.6727,0,0
2,0.268401,0.6742,0,0
2,0.662,0.6746,0,0
2,0.662,0.6757,0,0
2,0.250701,0.6791,0,0
2,0.228252,0.6793,0,0
2,0.662,0.6794,0,0
2,0.32266,0.6808,0,0
2,0.27171,0.681,0,0
2,0.520499,0.6812,0,0
2,0.239242,0.6816,0,0
2,0.304877,0.6821,0,0
2,0.132866,0.6824,0,0
2,0.245744,0.6825,0,0
2,0.108848,0.6835,0,0
2,0.662,0.6874,0,0
2,0.469701,0.6878,0,0
2,0.662,0.6879,0,0
2,0.662,0.6883,0,0
2,0.138652,0.6909,0,0
2,0.662,0.6932,0,0
2,0.326687,0.6935,0,0
2,0.662,0.699,0,0
2,0.0800477,0.6993,0,0
2,0.129475,0.7011,0,0
2,0.662,0.7016,0,0
2,0.414111,0.7071,0,0
2,0.662,0.7085,0,0
2,0.205407,0.7102,0,0
2,0.440316,0.7129,0,0
2,0.147269,0.7131,0,0
2,0.340825,0.7133,0,0
2,0.662,0.7165,0,0
2,0.345317,0.7171,0,0
2,0.410145,0.7244,0,0
2,0.282008,0.7258,0,0
2,0.206197,0.7262,0,0
2,0.662,0.7286,0,0
2,0.178347,0.7293,0,0
2,0.308901,0.7294,0,0
2,0.12083,0.7305,0,0
2,0.056479,0.7344,0,0
2,0.662,0.7356,0,0
2,0.662,0.7365,0,0
2,0.0447304,0.7388,0,0
2,0.662,0.739,0,0
2,0.662,0.7391,0,0
2,0.133767,0.7405,0,0
2,0.656539,0.7415,0,0
2,0.662,0.7451,0,0
2,0.441053,0.7456,0,0
2,0.662,0.7479,0,0
2,0.662,0.7485,0,0
2,0.662,0.7525,0,0
2,0.299704,0.7532,0,0
2,0.250318,0.7535,0,0
2,0.190166,0.7555,0,0
2,0.662,0.7571,0,0
2,0.450143,0.7578,0,0
2,0.662,0.7587,0,0
2,0.418869,0.7598,0,0
2,0.163233,0.7599,0,0
2,0.662,0.7616,0,0
2,0.308902,0.7622,0,0
2,0.177208,0.7643,0,0
2,0.347814,0.7679,0,0
2,0.462949,0.768,0,0
2,0.324746,0.7694,0,0
2,0.117867,0.7702,0,0
2,0.117888,0.7769,0,0
2,0.160817,0.78,0,0
2,0.192522,0.7827,0,0
2,0.662,0.7859,0,0
2,0.305057,0.7869,0,0
2,0.662,0.7911,0,0
2,0.117281,0.7913,0,0
2,0.178484,0.7937,0,0
2,0.662,0.7944,0,0
2,0.662,0.7947,0,0
2,0.339218,0.7962,0,0
2,0.113911,0.7974,0,0
2,0.0972073,0.7978,0,0
2,0.662,0.8005,0,0
2,0.388017,0.802,0,0
2,0.662,0.8043,0,0
2,0.461198,0.8095,0,0
2,0.218738,0.8115,0,0
2,0.662,0.8118,0,0
2,0.662,0.8123,0,0
2,0.203288,0.8139,0,0
2,0.662,0.8156,0,0
2,0.662,0.8159,0,0
2,0.458268,0.8161,0,0
2,0.216809,0.819,0,0
2,0.662,0.8196,0,0
2,0.653793,0.8205,0,0
2,0.329282,0.8233,0,0
2,0.662,0.8255,0,0
2,0.120583,0.8265,0,0
2,0.662,0.8269,0,0
2,0.662,0.8289,0,0
2,0.222842,0.8293,0,0
2,0.156321,0.8307,0,0
2,0.357983,0.8359,0,0
2,0.375374,0.8371,0,0
2,0.313705,0.8378,0,0
2,0.662,0.8384,0,0
2,0.662,0.8392,0,0
2,0.662,0.8399,0,0
2,0.477385,0.8407,0,0
2,0.1304,0.8425,0,0
2,0.662,0.8438,0,0
2,0.662,0.8444,0,0
2,0.188104,0.8452,0,0
2,0.662,0.8465,0,0
2,0.662,0.8498,0,0
2,0.255038,0.8505,0,0
2,0.377027,0.8513,0,0
2,0.662,0.8536,0,0
2,0.0929887,0.854,0,0
2,0.662,0.8561,0,0
2,0.390115,0.8575,0,0
2,0.474682,0.8581,0,0
2,0.376461,0.8598,0,0
2,0.662,0.8674,0,0
2,0.662,0.8685,0,0
2,0.00446066,0.8691,0,0
2,0.103543,0.8706,0,0
2,0.0995593,0.8767,0,0
2,0.324743,0.8769,0,0
2,0.662,0.883,0,0
2,0.662,0.8859,0,0
2,0.421215,0.8886,0,0
2,0.000790151,0.8929,0,0
2,0.444321,0.8949,0,0
2,0.662,0.8951,0,0
2,0.504628,0.8958,0,0
2,0.201567,0.8973,0,0
2,0.158136,0.8988,0,0
2,0.662,0.8996,0,0
2,0.315019,0.9007,0,0
2,0.0219063,0.9017,0,0
2,0.662,0.9021,0,0
2,0.0773073,0.9023,0,0
2,0.034668,0.9095,0,0
2,0.321791,0.911,0,0
2,0.662,0.9128,0,0
2,0.662,0.9161,0,0
2,0.264864,0.9163,0,0
2,0.495495,0.9165,0,0
2,0.182285,0.9176,0,0
2,0.387561,0.9189,0,0
2,0.221927,0.9218,0,0
2,0.662,0.9259,0,0
2,0.662,0.9262,0,0
2,0.251897,0.9279,0,0
2,0.662,0.9334,0,0
2,0.424901,0.9374,0,0
2,0.662,0.9378,0,0
2,0.410044,0.9389,0,0
2,0.162789,0.9394,0,0
2,0.662,0.9414,0,0
2,0.0884625,0.9437,0,0
2,0.662,0.9444,0,0
2,0.662,0.9461,0,0
2,0.662,0.9479,0,0
2,0.662,0.9484,0,0
2,0.466676,0.9518,0,0
2,0.662,0.9521,0,0
2,0.409662,0.9531,0,0
2,0.0378569,0.9553,0,0
2,0.662,0.959,0,0
2,0.662,0.96,0,0
2,0.40672,0.9602,0,0
2,0.173897,0.9611,0,0
2,0.180764,0.9616,0,0
2,0.161549,0.9637,0,0
2,0.662,0.966,0,0
2,0.662,0.9683,0,0
2,0.189887,0.9688,0,0
2,0.104482,0.971,0,0
2,0.209534,0.9733,0,0
2,0.336707,0.9734,0,0
2,0.0115175,0.9746,0,0
2,0.412089,0.9747,0,0
2,0.662,0.9782,0,0
2,0.252245,0.9786,0,0
2,0.217198,0.9806,0,0
2,0.662,0.9841,0,0
2,0.0849237,0.9883,0,0
2,0.461331,0.9905,0,0
2,0.662,0.9944,0,0
2,0.662,0.9971,0,0
2,0.662,0.9983,0,0
2,0.662,0.9989,0,0
2,0.0964627,0.9993,0,0
2,0.662,1.0015,0,0
2,0.662,1.0037,0,0
2,0.222664,1.0089,0,0
2,0.351985,1.0106,0,0
2,0.662,1.0108,0,0
2,0.438314,1.0109,0,0
2,0.0185406,1.0125,0,0
2,0.662,1.013,0,0
2,0.508806,1.0135,0,0
2,0.662,1.0163,0,0
2,0.662,1.0167,0,0
2,0.662,1.0177,0,0
2,0.662,1.0182,0,0
2,0.016856,1.0197,0,0
2,0.662,1.0207,0,0
2,0.312174,1.022,0,0
2,0.299687,1.0227,0,0
2,0.231613,1.0247,0,0
2,0.512206,1.0249,0,0
2,0.662,1.0251,0,0
2,0.449512,1.0272,0,0
2,0.178303,1.0282,0,0
2,0.233906,1.0341,0,0
2,0.449605,1.0342,0,0
2,0.503675,1.0344,0,0
2,0.662,1.0356,0,0
2,0.468369,1.0372,0,0
2,0.303236,1.0391,0,0
2,0.650897,1.0399,0,0
2,0.426825,1.0402,0,0
2,0.662,1.0413,0,0
2,0.453412,1.0417,0,0
2,0.420725,1.0424,0,0
2,0.130364,1.0427,0,0
2,0.127529,1.0515,0,0
2,0.283172,1.0519,0,0
2,0.662,1.0526,0,0
2,0.662,1.053,0,0
2,0.662,1.0535,0,0
2,0.662,1.056,0,0
2,0.0719296,1.059,0,0
2,0.662,1.0603,0,0
2,0.00452067,1.0608,0,0
2,0.246121,1.0617,0,0
2,0.662,1.063,0,0
2,0.662,1.0646,0,0
2,0.237125,1.0677,0,0
2,0.662,1.0687,0,0
2,0.428017,1.0692,0,0
2,0.662,1.0709,0,0
2,0.271335,1.0721,0,0
2,0.662,1.073,0,0
2,0.662,1.0732,0,0
2,0.179767,1.0744,0,0
2,0.112955,1.0746,0,0
2,0.662,1.0749,0,0
2,0.662,1.075,0,0
2,0.662,1.082,0,0
2,0.662,1.0825,0,0
2,0.210239,1.0831,0,0
2,0.662,1.0871,0,0
2,0.178238,1.0877,0,0
2,0.662,1.0896,0,0
2,0.0014351,1.0901,0,0
2,0.662,1.0909,0,0
2,0.297947,1.0924,0,0
2,0.269894,1.0928,0,0
2,0.256324,1.0941,0,0
2,0.376232,1.0944,0,0
2,0.662,1.0955,0,0
2,0.0539628,1.0956,0,0
2,0.255932,1.0969,0,0
2,0.662,1.0974,0,0
2,0.309087,1.0997,0,0
2,0.297389,1.1,0,0
2,0.662,1.1009,0,0
2,0.662,1.1023,0,0
2,0.662,1.1042,0,0
2,0.662,1.1054,0,0
2,0.662,1.1076,0,0
2,0.662,1.111,0,0
2,0.105678,1.1134,0,0
2,0.264556,1.1157,0,0
2,0.277395,1.1164,0,0
2,0.204171,1.1277,0,0
2,0.662,1.1285,0,0
2,0.287984,1.1302,0,0
2,0.662,1.1306,0,0
2,0.662,1.1307,0,0
2,0.499498,1.1312,0,0
2,0.047405,1.1318,0,0
2,0.10021,1.1371,0,0
2,0.476671,1.14,0,0
2,0.649148,1.143,0,0
2,0.662,1.1453,0,0
2,0.662,1.149,0,0
2,0.307374,1.1496,0,0
2,0.662,1.1498,0,0
2,0.662,1.1499,0,0
2,0.0714336,1.1603,0,0
2,0.0339744,1.162,0,0
2,0.410003,1.1643,0,0
2,0.428445,1.1646,0,0
2,0.206576,1.165,0,0
2,0.48596,1.1664,0,0
2,0.662,1.1672,0,0
2,0.662,1.1677,0,0
2,0.662,1.1692,0,0
2,0.0583312,1.1698,0,0
2,0.662,1.17,0,0
2,0.662,1.1706,0,0
2,0.347226,1.1718,0,0
2,0.0973425,1.1721,0,0
2,0.662,1.1738,0,0
2,0.157262,1.1745,0,0
2,0.662,1.1758,0,0
2,0.25842,1.1761,0,0
2,0.662,1.177,0,0
2,0.474881,1.1793,0,0
2,0.662,1.1811,0,0
2,0.492813,1.1814,0,0
2,0.477324,1.1818,0,0
2,0.116961,1.1823,0,0
2,0.307075,1.1835,0,0
2,0.179547,1.1837,0,0
2,0.45443,1.1841,0,0
2,0.416406,1.1854,0,0
2,0.224061,1.1863,0,0
2,0.662,1.1867,0,0
2,0.426657,1.1888,0,0
2,0.252567,1.1918,0,0
2,0.0335029,1.1919,0,0
2,0.125583,1.1934,0,0
2,0.662,1.1939,0,0
2,0.662,1.1955,0,0
2,0.181108,1.1965,0,0
2,0.662,1.197,0,0
2,0.0917847,1.1983,0,0
2,0.127271,1.1993,0,0
2,0.487027,1.2007,0,0
2,0.452509,1.2014,0,0
2,0.662,1.2038,0,0
2,0.175534,1.2101,0,0
2,0.331247,1.2103,0,0
2,0.662,1.2115,0,0
2,0.662,1.2124,0,0
2,0.662,1.2127,0,0
2,0.662,1.2133,0,0
2,0.0353678,1.218,0,0
2,0.133705,1.2217,0,0
2,0.662,1.222,0,0
2,0.662,1.2222,0,0
2,0.019679,1.2269,0,0
2,0.294465,1.2276,0,0
2,0.662,1.2308,0,0
2,0.155237,1.2321,0,0
2,0.662,1.235,0,0
2,0.471265,1.2354,0,0
2,0.394404,1.238,0,0
2,0.662,1.241,0,0
2,0.662,1.2419,0,0
2,0.662,1.2475,0,0
2,0.662,1.2485,0,0
2,0.662,1.2496,0,0
2,0.294917,1.2504,0,0
2,0.662,1.2514,0,0
2,0.476111,1.2522,0,0
2,0.662,1.2552,0,0
2,0.662,1.2558,0,0
2,0.662,1.2566,0,0
2,0.350901,1.2568,0,0
2,0.239808,1.2605,0,0
2,0.662,1.2614,0,0
2,0.662,1.262,0,0
2,0.662,1.2625,0,0
2,0.107495,1.2637,0,0
2,0.662,1.2645,0,0
2,0.428787,1.2695,0,0
2,0.662,1.2707,0,0
2,0.205586,1.2722,0,0
2,0.0485478,1.2788,0,0
2,0.40421,1.2812,0,0
2,0.169275,1.2835,0,0
2,0.0446844,1.286,0,0
2,0.0475361,1.2871,0,0
2,0.662,1.2907,0,0
2,0.177953,1.2915,0,0
2,0.338032,1.2925,0,0
2,0.662,1.2939,0,0
2,0.159666,1.2978,0,0
2,0.662,1.2989,0,0
2,0.0570374,1.2994,0,0
2,0.329519,1.3022,0,0
2,0.662,1.3027,0,0
2,0.38394,1.3039,0,0
2,0.394631,1.3052,0,0
2,0.426119,1.3067,0,0
2,0.662,1.3082,0,0
2,0.271944,1.3085,0,0
2,0.662,1.3107,0,0
2,0.2884,1.312,0,0
2,0.662,1.3153,0,0
2,0.218528,1.3159,0,0
2,0.662,1.3163,0,0
2,0.377098,1.3166,0,0
2,0.662,1.3175,0,0
2,0.208563,1.3177,0,0
2,0.662,1.3244,0,0
2,0.413573,1.325,0,0
2,0.30977,1.3267,0,0
2,0.016409,1.3282,0,0
2,0.662,1.3287,0,0
2,0.307314,1.3349,0,0
2,0.662,1.3384,0,0
2,0.662,1.341,0,0
2,0.148833,1.3441,0,0
2,0.274069,1.3471,0,0
2,0.210472,1.3479,0,0
2,0.662,1.3504,0,0
2,0.0660238,1.3562,0,0
2,0.378918,1.3593,0,0
2,0.662,1.3626,0,0
2,0.113822,1.3628,0,0
2,0.411179,1.3644,0,0
2,0.452136,1.3665,0,0
2,0.662,1.3696,0,0
2,0.662,1.3699,0,0
2,0.381321,1.3785,0,0
2,0.662,1.3797,0,0
2,0.0251602,1.3805,0,0
2,0.662,1.381,0,0
2,0.662,1.3819,0,0
2,0.662,1.3852,0,0
2,0.255993,1.3868,0,0
2,0.418862,1.3869,0,0
2,0.662,1.3877,0,0
2,0.662,1.3882,0,0
2,0.662,1.3883,0,0
2,0.135408,1.3894,0,0
2,0.442584,1.4004,0,0
2,0.662,1.4012,0,0
2,0.662,1.4015,0,0
2,0.662,1.4017,0,0
2,0.167078,1.4055,0,0
2,0.649948,1.4056,0,0
2,0.0575695,1.4062,0,0
2,0.662,1.4067,0,0
2,0.271414,1.4069,0,0
2,0.662,1.4092,0,0
2,0.23733,1.4093,0,0
2,0.662,1.41,0,0
2,0.31291,1.4102,0,0
2,0.295224,1.4129,0,0
2,0.213837,1.4151,0,0
2,0.168162,1.4155,0,0
2,0.465411,1.4168,0,0
2,0.284574,1.4173,0,0
2,0.662,1.4209,0,0
2,0.662,1.4222,0,0
2,0.176444,1.4227,0,0
2,0.28394,1.4259,0,0
2,0.662,1.4268,0,0
2,0.662,1.4277,0,0
2,0.662,1.4291,0,0
2,0.110047,1.4312,0,0
2,0.477469,1.4323,0,0
2,0.312012,1.433,0,0
2,0.662,1.4333,0,0
2,0.127036,1.4338,0,0
2,0.662,1.4349,0,0
2,0.662,1.4358,0,0
2,0.662,1.4362,0,0
2,0.662,1.437,0,0
2,0.100877,1.4416,0,0
2,0.662,1.4442,0,0
2,0.407747,1.4444,0,0
2,0.190237,1.4456,0,0
2,0.47457,1.4458,0,0
2,0.421356,1.4507,0,0
2,0.431322,1.4549,0,0
2,0.662,1.4554,0,0
2,0.662,1.4556,0,0
2,0.662,1.4561,0,0
2,0.662,1.4563,0,0
2,0.155525,1.4644,0,0
2,0.0327385,1.4656,0,0
2,0.183778,1.4663,0,0
2,0.300801,1.4666,0,0
2,0.307469,1.4738,0,0
2,0.240297,1.4794,0,0
2,0.253443,1.4796,0,0
2,0.662,1.4797,0,0
2,0.00155408,1.4856,0,0
2,0.662,1.4858,0,0
2,0.0917602,1.4896,0,0
2,0.138504,1.4898,0,0
2,0.425931,1.4908,0,0
2,0.0782632,1.4931,0,0
2,0.141539,1.4932,0,0
2,0.178638,1.4996,0,0
2,0.376525,1.5018,0,0
2,0.492,1.5024,0,0
2,0.662,1.5036,0,0
2,0.0615287,1.504,0,0
2,0.14903,1.507,0,0
2,0.662,1.5083,0,0
2,0.662,1.5094,0,0
2,0.662,1.5096,0,0
2,0.662,1.5099,0,0
2,0.0953429,1.5108,0,0
2,0.168566,1.5131,0,0
2,0.479104,1.5195,0,0
2,0.662,1.5237,0,0
2,0.473929,1.5257,0,0
2,0.662,1.5263,0,0
2,0.185219,1.5315,0,0
2,0.256091,1.5331,0,0
2,0.662,1.5343,0,0
2,0.162654,1.536,0,0
2,0.662,1.5372,0,0
2,0.662,1.5373,0,0
2,0.0497781,1.5385,0,0
2,0.662,1.5398,0,0
2,0.662,1.5414,0,0
2,0.106974,1.5446,0,0
2,0.0175741,1.5463,0,0
2,0.105756,1.5488,0,0
2,0.00985241,1.549,0,0
2,0.662,1.5496,0,0
2,0.154308,1.5513,0,0
2,0.4344,1.553,0,0
2,0.662,1.5545,0,0
2,0.662,1.5549,0,0
2,0.662,1.5588,0,0
2,0.0542392,1.5595,0,0
2,0.662,1.5618,0,0
2,0.662,1.5629,0,0
2,0.11608,1.5637,0,0
2,0.662,1.5642,0,0
2,0.227039,1.5661,0,0
2,0.662,1.5689,0,0
2,0.112231,1.5694,0,0
2,0.662,1.5711,0,0
2,0.662,1.5718,0,0
2,0.662,1.572,0,0
2,0.383235,1.5746,0,0
2,0.32743,1.5753,0,0
2,0.353313,1.5754,0,0
2,0.662,1.5767,0,0
2,0.259065,1.5812,0,0
2,0.294208,1.5813,0,0
2,0.0107703,1.5816,0,0
2,0.662,1.5827,0,0
2,0.275754,1.5844,0,0
2,0.388872,1.5855,0,0
2,0.466032,1.5857,0,0
2,0.0740815,1.586,0,0
2,0.133922,1.5873,0,0
2,0.662,1.5894,0,0
2,0.173943,1.5933,0,0
2,0.280365,1.595,0,0
2,0.0837266,1.5967,0,0
2,0.144255,1.5992,0,0
2,0.474483,1.6018,0,0
2,0.662,1.6024,0,0
2,0.356735,1.6075,0,0
2,0.662,1.6118,0,0
2,0.662,1.6154,0,0
2,0.662,1.6163,0,0
2,0.662,1.6173,0,0
2,0.319678,1.6179,0,0
2,0.390368,1.6209,0,0
2,0.662,1.6214,0,0
2,0.662,1.6236,0,0
2,0.127258,1.6252,0,0
2,0.425183,1.6275,0,0
2,0.662,1.6316,0,0
2,0.245669,1.6323,0,0
2,0.290758,1.6339,0,0
2,0.662,1.6358,0,0
2,0.662,1.6363,0,0
2,0.249054,1.643,0,0
2,0.662,1.6433,0,0
2,0.662,1.6445,0,0
2,0.662,1.6462,0,0
2,0.219493,1.6483,0,0
2,0.662,1.6522,0,0
2,0.662,1.6595,0,0
2,0.662,1.6615,0,0
2,0.0525461,1.6626,0,0
2,0.430765,1.6673,0,0
2,0.662,1.6676,0,0
2,0.662,1.6678,0,0
2,0.289583,1.6682,0,0
2,0.357604,1.6688,0,0
2,0.662,1.6691,0,0
2,0.35436,1.6694,0,0
2,0.367461,1.6707,0,0
2,0.662,1.6732,0,0
2,0.662,1.6739,0,0
2,0.26848,1.6773,0,0
2,0.325385,1.6783,0,0
2,0.662,1.681,0,0
2,0.662,1.6845,0,0
2,0.0809359,1.6857,0,0
2,0.662,1.6867,0,0
2,0.662,1.6879,0,0
2,0.662,1.6903,0,0
2,0.166826,1.6908,0,0
2,0.662,1.6982,0,0
2,0.327311,1.6992,0,0
2,0.662,1.6994,0,0
2,0.414917,1.7013,0,0
2,0.662,1.7074,0,0
2,0.662,1.7085,0,0
2,0.407146,1.7114,0,0
2,0.0780357,1.7117,0,0
2,0.0627414,1.7131,0,0
2,0.211063,1.7139,0,0
2,0.298303,1.7155,0,0
2,0.662,1.7164,0,0
2,0.235736,1.7175,0,0
2,0.652492,1.7176,0,0
2,0.662,1.7187,0,0
2,0.332203,1.7214,0,0
2,0.213141,1.7222,0,0
2,0.144716,1.7225,0,0
2,0.662,1.7231,0,0
2,0.662,1.7263,0,0
2,0.662,1.7279,0,0
2,0.320285,1.733,0,0
2,0.0469604,1.7332,0,0
2,0.27432,1.7337,0,0
2,0.284872,1.7344,0,0
2,0.662,1.7346,0,0
2,0.662,1.7353,0,0
2,0.0219551,1.7356,0,0
2,0.662,1.7359,0,0
2,0.320058,1.736,0,0
2,0.662,1.7398,0,0
2,0.662,1.74,0,0
2,0.362216,1.7402,0,0
2,0.661316,1.7449,0,0
2,0.296712,1.7456,0,0
2,0.662,1.7482,0,0
2,0.36798,1.7507,0,0
2,0.0686615,1.751,0,0
2,0.0310984,1.7511,0,0
2,0.315846,1.7515,0,0
2,0.662,1.7519,0,0
2,0.23362,1.7536,0,0
2,0.662,1.7553,0,0
2,0.463754,1.7564,0,0
2,0.662,1.7567,0,0
2,0.0110144,1.7583,0,0
2,0.190946,1.7584,0,0
2,0.360481,1.7618,0,0
2,0.662,1.7663,0,0
2,0.255947,1.7668,0,0
2,0.662,1.7675,0,0
2,0.425151,1.7678,0,0
2,0.662,1.768,0,0
2,0.662,1.7684,0,0
2,0.0104222,1.7686,0,0
2,0.275858,1.7705,0,0
2,0.067053,1.7726,0,0
2,0.0669613,1.7741,0,0
2,0.46658,1.7785,0,0
2,0.00940259,1.7843,0,0
2,0.0514274,1.7852,0,0
2,0.373368,1.7859,0,0
2,0.108599,1.7876,0,0
2,0.662,1.7884,0,0
2,0.662,1.7886,0,0
2,0.0945906,1.7889,0,0
2,0.662,1.7896,0,0
2,0.662,1.7898,0,0
2,0.662,1.7906,0,0
2,0.413569,1.7909,0,0
2,0.143679,1.7926,0,0
2,0.662,1.7934,0,0
2,0.171088,1.7941,0,0
2,0.0751607,1.7991,0,0
2,0.219758,1.8034,0,0
2,0.662,1.8053,0,0
2,0.662,1.8062,0,0
2,0.405416,1.8089,0,0
2,0.662,1.8117,0,0
2,0.417234,1.8147,0,0
2,0.662,1.8167,0,0
2,0.424009,1.8187,0,0
2,0.662,1.8211,0,0
2,0.18203,1.8224,0,0
2,0.103061,1.8235,0,0
2,0.488784,1.8298,0,0
2,0.662,1.8302,0,0
2,0.662,1.8305,0,0
2,0.195654,1.8311,0,0
2,0.662,1.8336,0,0
2,0.362838,1.8363,0,0
2,0.15491,1.8402,0,0
2,0.134871,1.8434,0,0
2,0.382272,1.8437,0,0
2,0.496214,1.8439,0,0
2,0.334173,1.8441,0,0
2,0.036218,1.846,0,0
2,0.112178,1.8463,0,0
2,0.662,1.8498,0,0
2,0.0822377,1.8516,0,0
2,0.662,1.852,0,0
2,0.662,1.8539,0,0
2,0.242869,1.8567,0,0
2,0.272889,1.8568,0,0
2,0.662,1.8574,0,0
2,0.145729,1.8597,0,0
2,0.403688,1.8617,0,0
2,0.0106527,1.8624,0,0
2,0.662,1.8669,0,0
2,0.662,1.8676,0,0
2,0.11497,1.8681,0,0
2,0.662,1.8686,0,0
2,0.432016,1.8692,0,0
2,0.662,1.8717,0,0
2,0.31694,1.8726,0,0
2,0.662,1.875,0,0
2,0.662,1.8804,0,0
2,0.0823266,1.8811,0,0
2,0.406726,1.8822,0,0
2,0.406309,1.8824,0,0
2,0.450859,1.8843,0,0
2,0.662,1.8925,0,0
2,0.662,1.8956,0,0
2,0.662,1.9029,0,0
2,0.0464065,1.9073,0,0
2,0.0777506,1.9074,0,0
2,0.347084,1.9081,0,0
2,0.276023,1.9172,0,0
2,0.462293,1.9209,0,0
2,0.662,1.9213,0,0
2,0.662,1.9226,0,0
2,0.662,1.9228,0,0
2,0.125849,1.9248,0,0
2,0.234465,1.9249,0,0
2,0.235446,1.9257,0,0
2,0.0165563,1.9265,0,0
2,0.662,1.9273,0,0
2,0.662,1.9279,0,0
2,0.662,1.9298,0,0
2,0.662,1.9302,0,0
2,0.455316,1.9311,0,0
2,0.319415,1.9336,0,0
2,0.662,1.9339,0,0
2,0.0728504,1.935,0,0
2,0.266961,1.9381,0,0
2,0.0464298,1.9383,0,0
2,0.130284,1.9413,0,0
2,0.662,1.9432,0,0
2,0.279713,1.9446,0,0
2,0.662,1.9456,0,0
2,0.662,1.946,0,0
2,0.662,1.9465,0,0
2,0.662,1.948,0,0
2,0.129174,1.9488,0,0
2,0.495852,1.9526,0,0
2,0.662,1.9553,0,0
2,0.662,1.9587,0,0
2,0.648393,1.9605,0,0
2,0.471953,1.9638,0,0
2,0.315667,1.9646,0,0
2,0.0223144,1.9661,0,0
2,0.662,1.9676,0,0
2,0.186416,1.9682,0,0
2,0.0401665,1.9684,0,0
2,0.662,1.9736,0,0
2,0.662,1.9743,0,0
2,0.662,1.9754,0,0
2,0.662,1.9774,0,0
2,0.0941256,1.9781,0,0
2,0.662,1.9788,0,0
2,0.237298,1.9801,0,0
2,0.231806,1.9811,0,0
2,0.221166,1.9824,0,0
2,0.662,1.9827,0,0
2,0.662,1.9858,0,0
2,0.24955,1.9918,0,0
2,0.662,1.992,0,0
2,0.266409,1.9926,0,0
2,0.53669,1.9931,0,0
2,0.0518137,1.9932,0,0
2,0.662,1.9961,0,0
2,0.662,1.9989,0,0
2,0.662,2,0,0
2,0.662,2.0017,0,0
2,0.662,2.0034,0,0
2,0.662,2.0064,0,0
2,0.662,2.0068,0,0
2,0.0412098,2.0088,0,0
2,0.393029,2.0105,0,0
2,0.662,2.0113,0,0
2,0.662,2.0125,0,0
2,0.169339,2.0173,0,0
2,0.167149,2.0176,0,0
2,0.662,2.0202,0,0
2,0.181081,2.0215,0,0
2,0.662,2.0223,0,0
2,0.662,2.0235,0,0
2,0.163059,2.0245,0,0
2,0.662,2.0291,0,0
2,0.662,2.0312,0,0
2,0.371981,2.032,0,0
2,0.662,2.0345,0,0
2,0.468806,2.0355,0,0
2,0.359217,2.0358,0,0
2,0.662,2.0412,0,0
2,0.662,2.0416,0,0
2,0.662,2.0419,0,0
2,0.662,2.0423,0,0
2,0.146748,2.0433,0,0
2,0.0183704,2.0447,0,0
2,0.662,2.0449,0,0
2,0.0670307,2.0458,0,0
2,0.225053,2.046,0,0
2,0.159279,2.049,0,0
2,0.662,2.0493,0,0
2,0.430498,2.0511,0,0
2,0.419096,2.0521,0,0
2,0.0486201,2.0528,0,0
2,0.64919,2.0542,0,0
2,0.662,2.0547,0,0
2,0.258778,2.0551,0,0
2,0.662,2.0586,0,0
2,0.405027,2.0588,0,0
2,0.185622,2.059,0,0
2,0.42489,2.0594,0,0
2,0.396658,2.0595,0,0
2,0.415839,2.0632,0,0
2,0.456511,2.0683,0,0
2,0.21003,2.0723,0,0
2,0.662,2.0737,0,0
2,0.125238,2.076,0,0
2,0.662,2.0798,0,0
2,0.662,2.0834,0,0
2,0.662,2.0845,0,0
2,0.662,2.0846,0,0
2,0.452562,2.0862,0,0
2,0.443698,2.0872,0,0
2,0.424019,2.0889,0,0
2,0.662,2.089,0,0
2,0.264116,2.0917,0,0
2,0.373115,2.0922,0,0
2,0.245458,2.0934,0,0
2,0.268656,2.0951,0,0
2,0.662,2.0961,0,0
2,0.662,2.0973,0,0
2,0.662,2.1014,0,0
2,0.662,2.1051,0,0
2,0.662,2.1143,0,0
2,0.662,2.1155,0,0
2,0.662,2.1164,0,0
2,0.662,2.1182,0,0
2,0.662,2.1195,0,0
2,0.376382,2.1199,0,0
2,0.319441,2.1245,0,0
2,0.662,2.125,0,0
2,0.221192,2.1279,0,0
2,0.176072,2.1301,0,0
2,0.0698677,2.1322,0,0
2,0.372223,2.1337,0,0
2,0.134465,2.1351,0,0
2,0.0883369,2.1391,0,0
2,0.454158,2.1397,0,0
2,0.662,2.1413,0,0
2,0.662,2.1415,0,0
2,0.421593,2.1443,0,0
2,0.216174,2.1445,0,0
2,0.312908,2.1453,0,0
2,0.197476,2.1457,0,0
2,0.662,2.1466,0,0
2,0.328958,2.1481,0,0
2,0.313422,2.1492,0,0
2,0.267527,2.1508,0,0
2,0.247558,2.1511,0,0
2,0.0826719,2.1512,0,0
2,0.171314,2.1516,0,0
2,0.0140255,2.1527,0,0
2,0.662,2.153,0,0
2,0.662,2.1584,0,0
2,0.662,2.161,0,0
2,0.0912686,2.1618,0,0
2,0.25758,2.1637,0,0
2,0.203216,2.1643,0,0
2,0.357873,2.1662,0,0
2,0.662,2.1683,0,0
2,0.290639,2.1684,0,0
2,0.662,2.171,0,0
2,0.662,2.1715,0,0
2,0.662,2.1734,0,0
2,0.38465,2.1743,0,0
2,0.255431,2.1764,0,0
2,0.00529813,2.1779,0,0
2,0.308297,2.179,0,0
2,0.034227,2.1795,0,0
2,0.405191,2.1807,0,0
2,0.0918774,2.1827,0,0
2,0.00562587,2.1832,0,0
2,0.0505767,2.1835,0,0
2,0.300102,2.1844,0,0
2,0.662,2.1867,0,0
2,0.369554,2.1883,0,0
2,0.662,2.1893,0,0
2,0.22674,2.1894,0,0
2,0.0123698,2.1902,0,0
2,0.175973,2.1916,0,0
2,0.383607,2.193,0,0
2,0.149731,2.1931,0,0
2,0.207532,2.1932,0,0
2,0.390877,2.1969,0,0
2,0.662,2.197,0,0
2,0.175733,2.1971,0,0
2,0.0991569,2.1973,0,0
2,0.099733,2.1974,0,0
2,0.0810809,2.2033,0,0
2,0.662,2.2053,0,0
2,0.225747,2.2062,0,0
2,0.133303,2.209,0,0
2,0.662,2.2093,0,0
2,0.662,2.2117,0,0
2,0.441696,2.2124,0,0
2,0.384021,2.2127,0,0
2,0.662,2.2142,0,0
2,0.0893872,2.2148,0,0
2,0.662,2.2164,0,0
2,0.408519,2.2165,0,0
2,0.0946299,2.218,0,0
2,0.130007,2.2205,0,0
2,0.287441,2.2206,0,0
2,0.662,2.2221,0,0
2,0.0300457,2.224,0,0
2,0.308521,2.2259,0,0
2,0.403941,2.2295,0,0
2,0.125425,2.2321,0,0
2,0.406366,2.234,0,0
2,0.444874,2.2341,0,0
2,0.662,2.236,0,0
2,0.358715,2.2399,0,0
2,0.257132,2.2405,0,0
2,0.139292,2.2447,0,0
2,0.662,2.2461,0,0
2,0.270946,2.2464,0,0
2,0.189754,2.2474,0,0
2,0.410504,2.2503,0,0
2,0.662,2.2524,0,0
2,0.662,2.2537,0,0
2,0.370843,2.2546,0,0
2,0.022603,2.2548,0,0
2,0.429678,2.2564,0,0
2,0.172414,2.2572,0,0
2,0.662,2.2584,0,0
2,0.293652,2.2621,0,0
2,0.137895,2.2632,0,0
2,0.0904461,2.2691,0,0
2,0.662,2.2713,0,0
2,0.662,2.2722,0,0
2,0.257646,2.2724,0,0
2,0.662,2.2736,0,0
2,0.232145,2.2753,0,0
2,0.0521869,2.2798,0,0
2,0.662,2.2813,0,0
2,0.662,2.2818,0,0
2,0.114675,2.2847,0,0
2,0.413524,2.2864,0,0
2,0.195762,2.2879,0,0
2,0.0187469,2.2902,0,0
2,0.173332,2.2914,0,0
2,0.662,2.2923,0,0
2,0.662,2.2956,0,0
2,0.136213,2.298,0,0
2,0.312911,2.2998,0,0
2,0.237083,2.3014,0,0
2,0.662,2.3046,0,0
2,0.373433,2.3066,0,0
2,0.662,2.3079,0,0
2,0.662,2.3088,0,0
2,0.662,2.3128,0,0
2,0.0392207,2.3137,0,0
2,0.109238,2.3143,0,0
2,0.447957,2.3151,0,0
2,0.662,2.3187,0,0
2,0.662,2.3197,0,0
2,0.219797,2.3222,0,0
2,0.662,2.3224,0,0
2,0.132773,2.3252,0,0
2,0.662,2.3257,0,0
2,0.261164,2.3289,0,0
2,0.356637,2.3296,0,0
2,0.662,2.3327,0,0
2,0.122756,2.3345,0,0
2,0.662,2.3362,0,0
2,0.210649,2.3377,0,0
2,0.662,2.3395,0,0
2,0.367903,2.3415,0,0
2,0.662,2.3428,0,0
2,0.209465,2.3437,0,0
2,0.662,2.346,0,0
2,0.0191764,2.347,0,0
2,0.662,2.3476,0,0
2,0.662,2.3492,0,0
2,0.662,2.3512,0,0
2,0.662,2.3513,0,0
2,0.00836559,2.3526,0,0
2,0.311509,2.3539,0,0
2,0.662,2.3551,0,0
2,0.662,2.3558,0,0
2,0.45662,2.357,0,0
2,0.662,2.3585,0,0
2,0.662,2.3592,0,0
2,0.114553,2.3629,0,0
2,0.217204,2.3645,0,0
2,0.662,2.3656,0,0
2,0.342281,2.3676,0,0
2,0.0396945,2.3686,0,0
2,0.177278,2.3688,0,0
2,0.662,2.3692,0,0
2,0.243871,2.3715,0,0
2,0.662,2.376,0,0
2,0.222076,2.3763,0,0
2,0.375014,2.3771,0,0
2,0.662,2.3774,0,0
2,0.2836,2.3801,0,0
2,0.662,2.381,0,0
2,0.662,2.3817,0,0
2,0.281667,2.3825,0,0
2,0.662,2.3849,0,0
2,0.403823,2.3899,0,0
2,0.0954659,2.3926,0,0
2,0.115282,2.3936,0,0
2,0.17143,2.4008,0,0
2,0.311938,2.401,0,0
2,0.662,2.4012,0,0
2,0.662,2.4024,0,0
2,0.180117,2.4047,0,0
2,0.662,2.4048,0,0
2,0.446593,2.4051,0,0
2,0.662,2.4053,0,0
2,0.0879337,2.4061,0,0
2,0.464486,2.4112,0,0
2,0.444759,2.4165,0,0
2,0.475789,2.4173,0,0
2,0.662,2.418,0,0
2,0.241543,2.4206,0,0
2,0.662,2.4221,0,0
2,0.662,2.4231,0,0
2,0.662,2.4278,0,0
2,0.0867911,2.4307,0,0
2,0.662,2.431,0,0
2,0.104979,2.4325,0,0
2,0.548555,2.433,0,0
2,0.662,2.4333,0,0
2,0.326615,2.4343,0,0
2,0.233752,2.4358,0,0
2,0.662,2.4378,0,0
2,0.662,2.4381,0,0
2,0.662,2.4382,0,0
2,0.662,2.441,0,0
2,0.662,2.4413,0,0
2,0.241675,2.4434,0,0
2,0.662,2.4439,0,0
2,0.0676784,2.444,0,0
2,0.468718,2.4453,0,0
2,0.0456539,2.447,0,0
2,0.662,2.4472,0,0
2,0.339477,2.4493,0,0
2,0.662,2.4498,0,0
2,0.662,2.4535,0,0
2,0.476639,2.4548,0,0
2,0.662,2.4565,0,0
2,0.662,2.4589,0,0
2,0.335345,2.4606,0,0
2,0.662,2.4612,0,0
2,0.662,2.4616,0,0
2,0.662,2.4621,0,0
2,0.662,2.4643,0,0
2,0.148295,2.4658,0,0
2,0.662,2.4659,0,0
2,0.662,2.4711,0,0
2,0.662,2.4724,0,0
2,0.662,2.4756,0,0
2,0.194817,2.4764,0,0
2,0.360122,2.4782,0,0
2,0.307919,2.4788,0,0
2,0.662,2.4863,0,0
2,0.346561,2.489,0,0
2,0.316582,2.4894,0,0
2,0.662,2.4925,0,0
2,0.0185757,2.4934,0,0
2,0.232047,2.502,0,0
2,0.367163,2.5058,0,0
2,0.345879,2.508,0,0
2,0.266161,2.5106,0,0
2,0.662,2.5122,0,0
2,0.181156,2.5127,0,0
2,0.0899025,2.5163,0,0
2,0.662,2.5198,0,0
2,0.662,2.5222,0,0
2,0.662,2.5233,0,0
2,0.0521855,2.5235,0,0
2,0.662,2.5263,0,0
2,0.662,2.5265,0,0
2,0.0969,2.5273,0,0
2,0.421335,2.5302,0,0
2,0.662,2.5307,0,0
2,0.662,2.5325,0,0
2,0.315017,2.533,0,0
2,0.662,2.5333,0,0
2,0.662,2.5342,0,0
2,0.662,2.5349,0,0
2,0.662,2.5367,0,0
2,0.460482,2.5376,0,0
2,0.662,2.5379,0,0
2,0.662,2.546,0,0
2,0.0680053,2.5478,0,0
2,0.662,2.551,0,0
2,0.662,2.5524,0,0
2,0.0191744,2.5526,0,0
2,0.244974,2.5541,0,0
2,0.662,2.5566,0,0
2,0.0429108,2.5572,0,0
2,0.662,2.5629,0,0
2,0.662,2.5641,0,0
2,0.359405,2.5642,0,0
2,0.662,2.5643,0,0
2,0.326146,2.5671,0,0
2,0.00326638,2.5721,0,0
2,0.662,2.5726,0,0
2,0.47467,2.5775,0,0
2,0.662,2.5778,0,0
2,0.461119,2.5787,0,0
2,0.000251165,2.5804,0,0
2,0.0347484,2.5822,0,0
2,0.452705,2.5829,0,0
2,0.179221,2.5843,0,0
2,0.045735,2.5852,0,0
2,0.453628,2.587,0,0
2,0.662,2.5871,0,0
2,0.39679,2.5874,0,0
2,0.494741,2.5899,0,0
2,0.662,2.5906,0,0
2,0.419684,2.5931,0,0
2,0.662,2.5939,0,0
2,0.202803,2.6039,0,0
2,0.551671,2.6045,0,0
2,0.0401494,2.608,0,0
2,0.0753477,2.6086,0,0
2,0.662,2.6092,0,0
2,0.0534963,2.611,0,0
2,0.396278,2.6113,0,0
2,0.662,2.612,0,0
2,0.338374,2.6121,0,0
2,0.3807,2.6173,0,0
2,0.214757,2.6183,0,0
2,0.662,2.6189,0,0
2,0.284659,2.6256,0,0
2,0.0355923,2.6258,0,0
2,0.662,2.626,0,0
2,0.662,2.6291,0,0
2,0.37551,2.6323,0,0
2,0.460112,2.6332,0,0
2,0.0930576,2.6333,0,0
2,0.313121,2.6343,0,0
2,0.464984,2.639,0,0
2,0.146122,2.6399,0,0
2,0.436617,2.6411,0,0
2,0.0613378,2.6434,0,0
2,0.662,2.6435,0,0
2,0.267207,2.6441,0,0
2,0.388213,2.6443,0,0
2,0.662,2.6444,0,0
2,0.316155,2.6466,0,0
2,0.46684,2.6487,0,0
2,0.662,2.6489,0,0
2,0.662,2.6498,0,0
2,0.195006,2.6514,0,0
2,0.294671,2.6525,0,0
2,0.390972,2.6529,0,0
2,0.662,2.6549,0,0
2,0.662,2.657,0,0
2,0.315515,2.6586,0,0
2,0.0969438,2.6597,0,0
2,0.6597,2.6609,0,0
2,0.0672281,2.6631,0,0
2,0.662,2.6661,0,0
2,0.159566,2.6663,0,0
2,0.662,2.6666,0,0
2,0.449524,2.668,0,0
2,0.0471961,2.6691,0,0
2,0.662,2.6724,0,0
2,0.101447,2.6736,0,0
2,0.38163,2.6762,0,0
2,0.414559,2.6769,0,0
2,0.0833889,2.6788,0,0
2,0.662,2.6789,0,0
2,0.0352122,2.6803,0,0
2,0.388211,2.6806,0,0
2,0.289957,2.6833,0,0
2,0.299818,2.684,0,0
2,0.662,2.6848,0,0
2,0.662,2.6895,0,0
2,0.0504197,2.6908,0,0
2,0.662,2.6915,0,0
2,0.662,2.6916,0,0
2,0.662,2.6939,0,0
2,0.438776,2.6943,0,0
2,0.662,2.6987,0,0
2,0.662,2.7009,0,0
2,0.658966,2.7011,0,0
2,0.191828,2.7025,0,0
2,0.214299,2.7035,0,0
2,0.237945,2.7056,0,0
2,0.170532,2.7062,0,0
2,0.662,2.708,0,0
2,0.662,2.7086,0,0
2,0.0830945,2.7102,0,0
2,0.662,2.7106,0,0
2,0.314589,2.7107,0,0
2,0.0520863,2.7122,0,0
2,0.255717,2.7142,0,0
2,0.662,2.719,0,0
2,0.224492,2.7197,0,0
2,0.662,2.7204,0,0
2,0.405391,2.7209,0,0
2,0.662,2.7224,0,0
2,0.0258506,2.7245,0,0
2,0.0441468,2.7316,0,0
2,0.224405,2.7352,0,0
2,0.213778,2.7355,0,0
2,0.431456,2.7405,0,0
2,0.138061,2.7442,0,0
2,0.662,2.7455,0,0
2,0.662,2.7469,0,0
2,0.105495,2.7482,0,0
2,0.110865,2.7493,0,0
2,0.662,2.7496,0,0
2,0.122845,2.751,0,0
2,0.662,2.7515,0,0
2,0.482289,2.7559,0,0
2,0.3852,2.7571,0,0
2,0.01257,2.7593,0,0
2,0.0171499,2.7595,0,0
2,0.38495,2.7617,0,0
2,0.20739,2.7664,0,0
2,0.662,2.7675,0,0
2,0.223406,2.7699,0,0
2,0.28328,2.7706,0,0
2,0.662,2.771,0,0
2,0.443217,2.7739,0,0
2,0.489414,2.7755,0,0
2,0.662,2.7759,0,0
2,0.106346,2.7794,0,0
2,0.662,2.7807,0,0
2,0.662,2.7822,0,0
2,0.257478,2.7845,0,0
2,0.0685741,2.7873,0,0
2,0.662,2.7876,0,0
2,0.344338,2.7892,0,0
2,0.0378424,2.791,0,0
2,0.662,2.7912,0,0
2,0.495785,2.792,0,0
2,0.662,2.7936,0,0
2,0.662,2.7951,0,0
2,0.662,2.8027,0,0
2,0.254074,2.805,0,0
2,0.0510962,2.8054,0,0
2,0.105728,2.8061,0,0
2,0.662,2.8065,0,0
2,0.662,2.8074,0,0
2,0.410087,2.8075,0,0
2,0.216261,2.8076,0,0
2,0.390798,2.8093,0,0
2,0.662,2.8112,0,0
2,0.662,2.8128,0,0
2,0.358265,2.8152,0,0
2,0.00980231,2.8169,0,0
2,0.18093,2.8171,0,0
2,0.466677,2.8176,0,0
2,0.418171,2.8187,0,0
2,0.662,2.8215,0,0
2,0.662,2.8235,0,0
2,0.662,2.8255,0,0
2,0.662,2.8262,0,0
2,0.662,2.8316,0,0
2,0.46673,2.8327,0,0
2,0.475591,2.8365,0,0
2,0.105074,2.8371,0,0
2,0.662,2.8374,0,0
2,0.662,2.8378,0,0
2,0.0412021,2.8398,0,0
2,0.662,2.843,0,0
2,0.165993,2.8438,0,0
2,0.29133,2.8465,0,0
2,0.192594,2.8482,0,0
2,0.662,2.8489,0,0
2,0.203276,2.8492,0,0
2,0.114065,2.8514,0,0
2,0.0941836,2.8537,0,0
2,0.142993,2.8552,0,0
2,0.662,2.8627,0,0
2,0.405069,2.8639,0,0
2,0.0119114,2.8676,0,0
2,0.662,2.8726,0,0
2,0.166884,2.8739,0,0
2,0.662,2.8785,0,0
2,0.196525,2.8817,0,0
2,0.0733576,2.887,0,0
2,0.0366763,2.8886,0,0
2,0.0674127,2.8907,0,0
2,0.662,2.8912,0,0
2,0.476287,2.8936,0,0
2,0.662,2.8941,0,0
2,0.0493054,2.8942,0,0
2,0.36145,2.8964,0,0
2,0.0588893,2.8987,0,0
2,0.29356,2.9016,0,0
2,0.440697,2.9019,0,0
2,0.662,2.9032,0,0
2,0.0646437,2.9036,0,0
2,0.143856,2.9087,0,0
2,0.662,2.9088,0,0
2,0.216644,2.9138,0,0
2,0.662,2.918,0,0
2,0.662,2.9202,0,0
2,0.662,2.9216,0,0
2,0.0537275,2.9233,0,0
2,0.662,2.9245,0,0
2,0.315112,2.9263,0,0
2,0.422471,2.9275,0,0
2,0.179771,2.9278,0,0
2,0.662,2.9302,0,0
2,0.662,2.9309,0,0
2,0.662,2.9314,0,0
2,0.0263547,2.9347,0,0
2,0.662,2.9356,0,0
2,0.035201,2.9382,0,0
2,0.662,2.9393,0,0
2,0.105573,2.9397,0,0
2,0.203258,2.94,0,0
2,0.662,2.9402,0,0
2,0.343579,2.9421,0,0
2,0.456314,2.9422,0,0
2,0.662,2.9431,0,0
2,0.662,2.9444,0,0
2,0.65906,2.9453,0,0
2,0.112375,2.9485,0,0
2,0.0170727,2.9512,0,0
2,0.662,2.9516,0,0
2,0.109719,2.9519,0,0
2,0.136597,2.9523,0,0
2,0.662,2.9525,0,0
2,0.0277249,2.9537,0,0
2,0.317645,2.9544,0,0
2,0.138353,2.9571,0,0
2,0.662,2.9589,0,0
2,0.662,2.9618,0,0
2,0.662,2.9634,0,0
2,0.304615,2.9648,0,0
2,0.0939667,2.9671,0,0
2,0.0877999,2.9673,0,0
2,0.219878,2.9679,0,0
2,0.359136,2.9687,0,0
2,0.266218,2.9688,0,0
2,0.198534,2.9703,0,0
2,0.662,2.9706,0,0
2,0.662,2.9718,0,0
2,0.662,2.972,0,0
2,0.18343,2.9754,0,0
2,0.662,2.98,0,0
2,0.390101,2.9804,0,0
2,0.662,2.9808,0,0
2,0.121481,2.9822,0,0
2,0.662,2.9826,0,0
2,0.345394,2.9842,0,0
2,0.201166,2.9845,0,0
2,0.319099,2.9852,0,0
2,0.662,2.9859,0,0
2,0.662,2.9862,0,0
2,0.662,2.988,0,0
2,0.0310713,2.9895,0,0
2,0.0520642,2.9909,0,0
2,0.157846,2.9922,0,0
2,0.662,2.9941,0,0
2,0.662,2.9943,0,0
2,0.215798,2.9968,0,0
2,0.0234395,2.9981,0,0
2,0.395847,2.999,0,0
2,0.440491,3.0005,0,0
2,0.366895,3.0052,0,0
2,0.394882,3.0053,0,0
2,0.662,3.0071,0,0
2,0.662,3.0083,0,0
2,0.404396,3.0087,0,0
2,0.366466,3.0117,0,0
2,0.662,3.013,0,0
2,0.662,3.0142,0,0
2,0.276498,3.0158,0,0
2,0.662,3.0178,0,0
2,0.662,3.018,0,0
2,0.051967,3.0188,0,0
2,0.445861,3.0191,0,0
2,0.270508,3.0211,0,0
2,0.662,3.0217,0,0
2,0.662,3.024,0,0
2,0.100027,3.0248,0,0
2,0.662,3.0298,0,0
2,0.662,3.0307,0,0
2,0.662,3.0314,0,0
2,0.662,3.0348,0,0
2,0.289263,3.0358,0,0
2,0.145881,3.0366,0,0
2,0.662,3.0368,0,0
2,0.367634,3.0371,0,0
2,0.277813,3.0382,0,0
2,0.662,3.0392,0,0
2,0.662,3.0419,0,0
2,0.662,3.0458,0,0
2,0.662,3.0465,0,0
2,0.662,3.0496,0,0
2,0.268547,3.0502,0,0
2,0.0339844,3.0551,0,0
2,0.282517,3.0589,0,0
2,0.662,3.0602,0,0
2,0.662,3.0608,0,0
2,0.662,3.0617,0,0
2,0.105136,3.0628,0,0
2,0.662,3.0638,0,0
2,0.662,3.0662,0,0
2,0.662,3.0664,0,0
2,0.662,3.0673,0,0
2,0.662,3.0725,0,0
2,0.662,3.0726,0,0
2,0.0799926,3.0731,0,0
2,0.0797974,3.0736,0,0
2,0.662,3.0752,0,0
2,0.205992,3.0771,0,0
2,0.297405,3.0775,0,0
2,0.662,3.0832,0,0
2,0.349768,3.0841,0,0
2,0.18042,3.0849,0,0
2,0.109588,3.0864,0,0
2,0.662,3.0894,0,0
2,0.377989,3.0905,0,0
2,0.275684,3.0919,0,0
2,0.662,3.0936,0,0
2,0.662,3.098,0,0
2,0.662,3.1025,0,0
2,0.150389,3.104,0,0
2,0.100139,3.1044,0,0
2,0.423014,3.1084,0,0
2,0.231118,3.1091,0,0
2,0.662,3.1157,0,0
2,0.662,3.1199,0,0
2,0.153669,3.1212,0,0
2,0.472953,3.1226,0,0
2,0.662,3.1229,0,0
2,0.662,3.1233,0,0
2,0.166196,3.1247,0,0
2,0.147285,3.1256,0,0
2,0.0247155,3.1284,0,0
2,0.433037,3.1286,0,0
2,0.662,3.1292,0,0
2,0.128813,3.1299,0,0
2,0.330735,3.1302,0,0
2,0.662,3.1306,0,0
2,0.662,3.1324,0,0
2,0.662,3.1327,0,0
2,0.152426,3.1338,0,0
2,0.444786,3.137,0,0
2,0.211626,3.1405,0,0
2,0.659957,3.1424,0,0
2,0.662,3.1481,0,0
2,0.310697,3.1484,0,0
2,0.361369,3.1487,0,0
2,0.662,3.1489,0,0
2,0.662,3.1498,0,0
2,0.662,3.1524,0,0
2,0.138609,3.1558,0,0
2,0.443373,3.1598,0,0
2,0.45835,3.1659,0,0
2,0.400163,3.1667,0,0
2,0.065974,3.1679,0,0
2,0.662,3.1713,0,0
2,0.662,3.1717,0,0
2,0.662,3.172,0,0
2,0.655626,3.1725,0,0
2,0.462585,3.1809,0,0
2,0.0457156,3.181,0,0
2,0.134601,3.182,0,0
2,0.192013,3.1832,0,0
2,0.662,3.1874,0,0
2,0.662,3.1877,0,0
2,0.00899571,3.1879,0,0
2,0.662,3.1953,0,0
2,0.662,3.1968,0,0
2,0.0737998,3.1972,0,0
2,0.33002,3.2037,0,0
2,0.0684277,3.2047,0,0
2,0.662,3.2071,0,0
2,0.174978,3.2087,0,0
2,0.313645,3.2088,0,0
2,0.662,3.2094,0,0
2,0.662,3.2096,0,0
2,0.414138,3.2112,0,0
2,0.662,3.2117,0,0
2,0.426823,3.2149,0,0
2,0.662,3.215,0,0
2,0.128113,3.2177,0,0
2,0.166369,3.2189,0,0
2,0.662,3.2217,0,0
2,0.389774,3.2299,0,0
2,0.117603,3.2316,0,0
2,0.662,3.2317,0,0
2,0.662,3.233,0,0
2,0.24964,3.2332,0,0
2,0.662,3.2337,0,0
2,0.662,3.2346,0,0
2,0.147157,3.2355,0,0
2,0.224667,3.2359,0,0
2,0.662,3.2376,0,0
2,0.662,3.2379,0,0
2,0.318451,3.2384,0,0
2,0.31556,3.2389,0,0
2,0.662,3.2407,0,0
2,0.173094,3.2445,0,0
2,0.26648,3.2474,0,0
2,0.169397,3.2479,0,0
2,0.162391,3.2497,0,0
2,0.227539,3.2512,0,0
2,0.662,3.2541,0,0
2,0.134429,3.2571,0,0
2,0.417786,3.2583,0,0
2,0.662,3.2591,0,0
2,0.662,3.2607,0,0
2,0.13905,3.2629,0,0
2,0.662,3.266,0,0
2,0.471341,3.268,0,0
2,0.446282,3.2689,0,0
2,0.323469,3.269,0,0
2,0.429792,3.2695,0,0
2,0.331477,3.2707,0,0
2,0.662,3.2726,0,0
2,0.473017,3.2727,0,0
2,0.662,3.2735,0,0
2,0.0739731,3.2745,0,0
2,0.662,3.2751,0,0
2,0.356718,3.2755,0,0
2,0.375877,3.2784,0,0
2,0.662,3.2808,0,0
2,0.662,3.2809,0,0
2,0.662,3.2839,0,0
2,0.210616,3.287,0,0
2,0.662,3.2871,0,0
2,0.331419,3.2879,0,0
2,0.0163488,3.2897,0,0
2,0.167207,3.2899,0,0
2,0.384291,3.2903,0,0
2,0.662,3.2952,0,0
2,0.662,3.2966,0,0
2,0.470508,3.2976,0,0
2,0.115228,3.3,0,0
2,0.662,3.306,0,0
2,0.375405,3.3077,0,0
2,0.662,3.3079,0,0
2,0.662,3.3098,0,0
2,0.060965,3.312,0,0
2,0.399664,3.3166,0,0
2,0.101782,3.3193,0,0
2,0.024529,3.3213,0,0
2,0.662,3.3221,0,0
2,0.662,3.3222,0,0
2,0.654414,3.3229,0,0
2,0.662,3.323,0,0
2,0.662,3.3266,0,0
2,0.144921,3.328,0,0
2,0.662,3.3311,0,0
2,0.662,3.3317,0,0
2,0.0480153,3.3343,0,0
2,0.662,3.3351,0,0
2,0.662,3.3389,0,0
2,0.180272,3.3391,0,0
2,0.401907,3.3403,0,0
2,0.283737,3.3404,0,0
2,0.00205307,3.3406,0,0
2,0.353961,3.3412,0,0
2,0.0504465,3.3417,0,0
2,0.0254996,3.3418,0,0
2,0.662,3.3421,0,0
2,0.0583347,3.3426,0,0
2,0.24805,3.346,0,0
2,0.662,3.3468,0,0
2,0.662,3.3472,0,0
2,0.348645,3.3503,0,0
2,0.0144361,3.3517,0,0
2,0.662,3.353,0,0
2,0.662,3.3567,0,0
2,0.242056,3.3568,0,0
2,0.269362,3.3579,0,0
2,0.662,3.3599,0,0
2,0.303885,3.3614,0,0
2,0.662,3.3637,0,0
2,0.659543,3.3654,0,0
2,0.416876,3.3718,0,0
2,0.662,3.3737,0,0
2,0.0227973,3.374,0,0
2,0.662,3.3768,0,0
2,0.662,3.3791,0,0
2,0.662,3.3818,0,0
2,0.662,3.3819,0,0
2,0.662,3.3835,0,0
2,0.662,3.384,0,0
2,0.217794,3.3842,0,0
2,0.197605,3.3846,0,0
2,0.662,3.3868,0,0
2,0.662,3.3877,0,0
2,0.662,3.3881,0,0
2,0.439054,3.3895,0,0
2,0.270404,3.3917,0,0
2,0.662,3.3956,0,0
2,0.662,3.3962,0,0
2,0.064302,3.3967,0,0
2,0.642355,3.3977,0,0
2,0.330783,3.398,0,0
2,0.662,3.3983,0,0
2,0.421612,3.4026,0,0
2,0.662,3.4029,0,0
2,0.00836704,3.4053,0,0
2,0.384679,3.4075,0,0
2,0.269601,3.4097,0,0
2,0.150165,3.4114,0,0
2,0.226392,3.4127,0,0
2,0.341943,3.4138,0,0
2,0.314074,3.4156,0,0
2,0.407966,3.4178,0,0
2,0.662,3.4215,0,0
2,0.662,3.4228,0,0
2,0.662,3.4233,0,0
2,0.540846,3.4234,0,0
2,0.273272,3.4245,0,0
2,0.05917,3.4248,0,0
2,0.662,3.4284,0,0
2,0.423927,3.4296,0,0
2,0.148039,3.4362,0,0
2,0.662,3.4371,0,0
2,0.300913,3.4407,0,0
2,0.662,3.4431,0,0
2,0.214054,3.4437,0,0
2,0.372931,3.4496,0,0
2,0.0512571,3.4524,0,0
2,0.394673,3.4534,0,0
2,0.662,3.4605,0,0
2,0.662,3.4654,0,0
2,0.662,3.467,0,0
2,0.0722919,3.4683,0,0
2,0.662,3.4711,0,0
2,0.472538,3.4725,0,0
2,0.662,3.4742,0,0
2,0.0904479,3.4752,0,0
2,0.662,3.476,0,0
2,0.391257,3.4781,0,0
2,0.662,3.4786,0,0
2,0.662,3.479,0,0
2,0.662,3.4791,0,0
2,0.475963,3.4792,0,0
2,0.255293,3.4813,0,0
2,0.662,3.4814,0,0
2,0.249222,3.4836,0,0
2,0.0794721,3.4852,0,0
2,0.0663972,3.4865,0,0
2,0.0133947,3.4867,0,0
2,0.0227982,3.4893,0,0
2,0.662,3.4912,0,0
2,0.662,3.4923,0,0
2,0.143279,3.4946,0,0
2,0.662,3.4951,0,0
2,0.662,3.4962,0,0
2,0.269769,3.4969,0,0
2,0.662,3.5062,0,0
2,0.662,3.5069,0,0
2,0.26452,3.5076,0,0
2,0.286497,3.5079,0,0
2,0.138695,3.5118,0,0
2,0.15646,3.5119,0,0
2,0.274353,3.5132,0,0
2,0.0146163,3.5134,0,0
2,0.662,3.5157,0,0
2,0.477329,3.5169,0,0
2,0.419239,3.5192,0,0
2,0.338039,3.5194,0,0
2,0.0798545,3.5216,0,0
2,0.138494,3.5221,0,0
2,0.451913,3.5225,0,0
2,0.174298,3.5302,0,0
2,0.260614,3.5303,0,0
2,0.305712,3.5311,0,0
2,0.219764,3.5331,0,0
2,0.100729,3.5384,0,0
2,0.227269,3.5389,0,0
2,0.262754,3.5424,0,0
2,0.662,3.5453,0,0
2,0.111954,3.5454,0,0
2,0.662,3.5479,0,0
2,0.17298,3.5483,0,0
2,0.662,3.5525,0,0
2,0.212834,3.5544,0,0
2,0.274941,3.5552,0,0
2,0.662,3.557,0,0
2,0.662,3.5624,0,0
2,0.301057,3.5656,0,0
2,0.126019,3.5668,0,0
2,0.170574,3.5679,0,0
2,0.231751,3.5711,0,0
2,0.662,3.5713,0,0
2,0.662,3.5747,0,0
2,0.264934,3.5759,0,0
2,0.0829133,3.5761,0,0
2,0.439469,3.5774,0,0
2,0.151898,3.5776,0,0
2,0.258424,3.5791,0,0
2,0.662,3.5812,0,0
2,0.662,3.5819,0,0
2,0.275482,3.5833,0,0
2,0.662,3.5834,0,0
2,0.662,3.5851,0,0
2,0.172947,3.5854,0,0
2,0.140174,3.5898,0,0
2,0.382123,3.591,0,0
2,0.139304,3.5914,0,0
2,0.662,3.5927,0,0
2,0.0353198,3.593,0,0
2,0.662,3.5944,0,0
2,0.428133,3.5953,0,0
2,0.363037,3.5972,0,0
2,0.662,3.6037,0,0
2,0.662,3.605,0,0
2,0.662,3.6053,0,0
2,0.662,3.6061,0,0
2,0.106137,3.6081,0,0
2,0.662,3.6108,0,0
2,0.662,3.611,0,0
2,0.662,3.6157,0,0
2,0.662,3.616,0,0
2,0.662,3.6207,0,0
2,0.23116,3.6216,0,0
2,0.0225862,3.6226,0,0
2,0.314951,3.6252,0,0
2,0.662,3.628,0,0
2,0.662,3.6309,0,0
2,0.0254727,3.6347,0,0
2,0.229263,3.6404,0,0
2,0.662,3.6429,0,0
2,0.662,3.6433,0,0
2,0.112044,3.6445,0,0
2,0.662,3.6458,0,0
2,0.662,3.6471,0,0
2,0.126184,3.6501,0,0
2,0.118627,3.6518,0,0
2,0.662,3.6533,0,0
2,0.137041,3.6539,0,0
2,0.662,3.6545,0,0
2,0.662,3.6547,0,0
2,0.224398,3.6564,0,0
2,0.662,3.6568,0,0
2,0.662,3.6572,0,0
2,0.662,3.6616,0,0
2,0.660318,3.6633,0,0
2,0.433606,3.6636,0,0
2,0.662,3.6648,0,0
2,0.343378,3.6673,0,0
2,0.391179,3.6676,0,0
2,0.662,3.6677,0,0
2,0.662,3.6687,0,0
2,0.0025968,3.6708,0,0
2,0.0663796,3.6745,0,0
2,0.662,3.6752,0,0
2,0.662,3.6792,0,0
2,0.662,3.6845,0,0
2,0.0481035,3.6881,0,0
2,0.662,3.6927,0,0
2,0.128868,3.6958,0,0
2,0.662,3.6962,0,0
2,0.476563,3.6971,0,0
2,0.662,3.6981,0,0
2,0.662,3.6984,0,0
2,0.0362318,3.6995,0,0
2,0.662,3.7007,0,0
2,0.253965,3.7036,0,0
2,0.654337,3.7053,0,0
2,0.0655065,3.7054,0,0
2,0.22092,3.7063,0,0
2,0.662,3.7069,0,0
2,0.28227,3.7072,0,0
2,0.662,3.7119,0,0
2,0.662,3.7126,0,0
2,0.179561,3.7145,0,0
2,0.658679,3.7159,0,0
2,0.11479,3.7169,0,0
2,0.0517574,3.7182,0,0
2,0.662,3.7202,0,0
2,0.392387,3.7214,0,0
2,0.662,3.7215,0,0
2,0.662,3.7218,0,0
2,0.204423,3.722,0,0
2,0.662,3.7223,0,0
2,0.662,3.7265,0,0
2,0.662,3.7276,0,0
2,0.080169,3.7278,0,0
2,0.662,3.7285,0,0
2,0.34522,3.73,0,0
2,0.462453,3.7319,0,0
2,0.662,3.7325,0,0
2,0.183496,3.7335,0,0
2,0.662,3.7342,0,0
2,0.309066,3.7349,0,0
2,0.662,3.7354,0,0
2,0.0265701,3.736,0,0
2,0.662,3.7363,0,0
2,0.356907,3.7387,0,0
2,0.662,3.7388,0,0
2,0.111332,3.7409,0,0
2,0.0152416,3.741,0,0
2,0.437399,3.7433,0,0
2,0.0792613,3.7453,0,0
2,0.264663,3.7456,0,0
2,0.662,3.7485,0,0
2,0.197418,3.7501,0,0
2,0.404369,3.7544,0,0
2,0.275955,3.7563,0,0
2,0.13712,3.7596,0,0
2,0.118079,3.7613,0,0
2,0.0686506,3.7644,0,0
2,0.662,3.7645,0,0
2,0.166437,3.7677,0,0
2,0.662,3.7713,0,0
2,0.662,3.7725,0,0
2,0.266577,3.7735,0,0
2,0.662,3.7739,0,0
2,0.325313,3.7743,0,0
2,0.474408,3.7847,0,0
2,0.366457,3.79,0,0
2,0.662,3.7936,0,0
2,0.449698,3.7949,0,0
2,0.470041,3.7959,0,0
2,0.0845484,3.7963,0,0
2,0.662,3.7972,0,0
2,0.319582,3.798,0,0
2,0.662,3.7988,0,0
2,0.661913,3.7995,0,0
2,0.662,3.8021,0,0
2,0.376431,3.8034,0,0
2,0.183825,3.8044,0,0
2,0.662,3.8055,0,0
2,0.0379218,3.8064,0,0
2,0.662,3.8077,0,0
2,0.662,3.8078,0,0
2,0.476546,3.8118,0,0
2,0.662,3.8126,0,0
2,0.183425,3.8161,0,0
2,0.657726,3.8172,0,0
2,0.20701,3.8176,0,0
2,0.662,3.8189,0,0
2,0.662,3.8215,0,0
2,0.662,3.8221,0,0
2,0.662,3.8237,0,0
2,0.251672,3.8275,0,0
2,0.0978413,3.8294,0,0
2,0.662,3.8301,0,0
2,0.0725821,3.8305,0,0
2,0.231209,3.8312,0,0
2,0.328952,3.8318,0,0
2,0.662,3.8327,0,0
2,0.355123,3.835,0,0
2,0.0995328,3.8363,0,0
2,0.0127591,3.8372,0,0
2,0.435846,3.8383,0,0
2,0.312875,3.8431,0,0
2,0.662,3.8469,0,0
2,0.305529,3.8472,0,0
2,0.662,3.8473,0,0
2,0.662,3.8478,0,0
2,0.290014,3.8483,0,0
2,0.255145,3.8491,0,0
2,0.206685,3.8492,0,0
2,0.662,3.8498,0,0
2,0.662,3.8506,0,0
2,0.191727,3.851,0,0
2,0.662,3.8519,0,0
2,0.231988,3.8551,0,0
2,0.662,3.857,0,0
2,0.662,3.8591,0,0
2,0.662,3.8615,0,0
2,0.465289,3.8621,0,0
2,0.46933,3.8645,0,0
2,0.662,3.8648,0,0
2,0.448867,3.8649,0,0
2,0.662,3.8681,0,0
2,0.662,3.8694,0,0
2,0.662,3.8718,0,0
2,0.662,3.8732,0,0
2,0.341323,3.8771,0,0
2,0.206881,3.8779,0,0
2,0.443979,3.8797,0,0
2,0.127706,3.8819,0,0
2,0.0992899,3.8827,0,0
2,0.662,3.8834,0,0
2,0.662,3.8843,0,0
2,0.245532,3.8844,0,0
2,0.660423,3.8857,0,0
2,0.662,3.8865,0,0
2,0.368594,3.8876,0,0
2,0.485202,3.8884,0,0
2,0.0138191,3.891,0,0
2,0.662,3.8925,0,0
2,0.282887,3.8927,0,0
2,0.662,3.8949,0,0
2,0.10085,3.8958,0,0
2,0.662,3.8966,0,0
2,0.662,3.8983,0,0
2,0.662,3.8994,0,0
2,0.662,3.9019,0,0
2,0.662,3.9048,0,0
2,0.232014,3.9064,0,0
2,0.252511,3.9077,0,0
2,0.662,3.9086,0,0
2,0.662,3.909,0,0
2,0.373653,3.91,0,0
2,0.662,3.9104,0,0
2,0.0434823,3.9112,0,0
2,0.294558,3.9122,0,0
2,0.662,3.9125,0,0
2,0.662,3.9145,0,0
2,0.662,3.9155,0,0
2,0.409981,3.918,0,0
2,0.662,3.9198,0,0
2,0.662,3.9213,0,0
2,0.394886,3.9232,0,0
2,0.0321077,3.9294,0,0
2,0.662,3.9309,0,0
2,0.662,3.9344,0,0
2,0.662,3.9353,0,0
2,0.662,3.939,0,0
2,0.0671898,3.9394,0,0
2,0.662,3.9414,0,0
2,0.662,3.9422,0,0
2,0.0604747,3.9472,0,0
2,0.662,3.9485,0,0
2,0.662,3.9505,0,0
2,0.662,3.9506,0,0
2,0.662,3.9527,0,0
2,0.662,3.9533,0,0
2,0.248494,3.9548,0,0
2,0.662,3.9559,0,0
2,0.662,3.9569,0,0
2,0.662,3.9623,0,0
2,0.249962,3.9628,0,0
2,0.144831,3.9639,0,0
2,0.662,3.9641,0,0
2,0.161085,3.9642,0,0
2,0.662,3.9665,0,0
2,0.662,3.9686,0,0
2,0.662,3.969,0,0
2,0.662,3.9693,0,0
2,0.391593,3.9727,0,0
2,0.414249,3.9731,0,0
2,0.662,3.9734,0,0
2,0.0706355,3.9763,0,0
2,0.459764,3.9786,0,0
2,0.662,3.9788,0,0
2,0.128942,3.9794,0,0
2,0.0646203,3.9797,0,0
2,0.662,3.9804,0,0
2,0.425817,3.9817,0,0
2,0.662,3.982,0,0
2,0.662,3.9852,0,0
2,0.399041,3.986,0,0
2,0.662,3.9926,0,0
2,0.245031,3.9946,0,0
2,0.344108,3.9948,0,0
2,0.418295,3.9971,0,0
2,0.252575,4.0019,0,0
2,0.662,4.0047,0,0
2,0.662,4.0115,0,0
2,0.662,4.0118,0,0
2,0.139036,4.0137,0,0
2,0.163588,4.0152,0,0
2,0.219119,4.0174,0,0
2,0.314824,4.0175,0,0
2,0.662,4.0185,0,0
2,0.253864,4.0186,0,0
2,0.662,4.0234,0,0
2,0.143468,4.0236,0,0
2,0.662,4.0242,0,0
2,0.662,4.0245,0,0
2,0.662,4.0252,0,0
2,0.662,4.0262,0,0
2,0.257302,4.0265,0,0
2,0.0601274,4.0268,0,0
2,0.474035,4.0275,0,0
2,0.476269,4.0283,0,0
2,0.227114,4.0286,0,0
2,0.136527,4.0295,0,0
2,0.412374,4.031,0,0
2,0.0058936,4.0333,0,0
2,0.0760102,4.0363,0,0
2,0.662,4.037,0,0
2,0.662,4.0376,0,0
2,0.418487,4.0386,0,0
2,0.217864,4.0391,0,0
2,0.662,4.0394,0,0
2,0.662,4.0398,0,0
2,0.186209,4.0401,0,0
2,0.120207,4.0416,0,0
2,0.429652,4.0423,0,0
2,0.662,4.0436,0,0
2,0.662,4.0463,0,0
2,0.258273,4.0477,0,0
2,0.0934355,4.0479,0,0
2,0.662,4.0489,0,0
2,0.200865,4.0492,0,0
2,0.172356,4.0493,0,0
2,0.146586,4.0498,0,0
2,0.662,4.0512,0,0
2,0.170927,4.0525,0,0
2,0.11531,4.0529,0,0
2,0.0511066,4.0546,0,0
2,0.662,4.059,0,0
2,0.295366,4.0639,0,0
2,0.432323,4.0652,0,0
2,0.662,4.0666,0,0
2,0.662,4.0671,0,0
2,0.662,4.0712,0,0
2,0.662,4.0743,0,0
2,0.662,4.0744,0,0
2,0.33458,4.0751,0,0
2,0.662,4.0757,0,0
2,0.342552,4.077,0,0
2,0.44684,4.0775,0,0
2,0.662,4.0831,0,0
2,0.222732,4.0901,0,0
2,0.662,4.0912,0,0
2,0.662,4.0913,0,0
2,0.134758,4.0936,0,0
2,0.29614,4.0984,0,0
2,0.662,4.0993,0,0
2,0.662,4.1021,0,0
2,0.276578,4.1068,0,0
2,0.662,4.1071,0,0
2,0.662,4.1105,0,0
2,0.0802331,4.1112,0,0
2,0.529726,4.1119,0,0
2,0.455302,4.1145,0,0
2,0.355402,4.1153,0,0
2,0.662,4.1179,0,0
2,0.662,4.1185,0,0
2,0.662,4.1196,0,0
2,0.662,4.1215,0,0
2,0.33994,4.122,0,0
2,0.097902,4.1287,0,0
2,0.188913,4.1294,0,0
2,0.662,4.1305,0,0
2,0.662,4.1315,0,0
2,0.417114,4.1334,0,0
2,0.523871,4.1335,0,0
2,0.662,4.1348,0,0
2,0.662,4.1352,0,0
2,0.662,4.1357,0,0
2,0.0434493,4.1375,0,0
2,0.259006,4.1391,0,0
2,0.662,4.141,0,0
2,0.662,4.1417,0,0
2,0.354941,4.1419,0,0
2,0.662,4.1429,0,0
2,0.0340066,4.1452,0,0
2,0.165261,4.1455,0,0
2,0.662,4.1463,0,0
2,0.662,4.1464,0,0
2,0.366547,4.1473,0,0
2,0.662,4.148,0,0
2,0.662,4.1483,0,0
2,0.662,4.1529,0,0
2,0.377198,4.1641,0,0
2,0.475563,4.1683,0,0
2,0.327607,4.1696,0,0
2,0.133817,4.1709,0,0
2,0.251338,4.1724,0,0
2,0.662,4.1742,0,0
2,0.317817,4.1759,0,0
2,0.662,4.176,0,0
2,0.047059,4.1783,0,0
2,0.222994,4.1785,0,0
2,0.662,4.1795,0,0
2,0.662,4.1797,0,0
2,0.22055,4.181,0,0
2,0.662,4.1846,0,0
2,0.662,4.1849,0,0
2,0.662,4.1854,0,0
2,0.144366,4.186,0,0
2,0.256795,4.1869,0,0
2,0.662,4.189,0,0
2,0.0769165,4.1965,0,0
2,0.662,4.1979,0,0
2,0.165813,4.2045,0,0
2,0.292683,4.2071,0,0
2,0.0582373,4.2073,0,0
2,0.662,4.2083,0,0
2,0.0314203,4.2103,0,0
2,0.219841,4.2107,0,0
2,0.463677,4.2118,0,0
2,0.662,4.2123,0,0
2,0.41549,4.2132,0,0
2,0.0748623,4.2142,0,0
2,0.0683272,4.215,0,0
2,0.148412,4.2159,0,0
2,0.285671,4.216,0,0
2,0.662,4.2167,0,0
2,0.280519,4.2182,0,0
2,0.662,4.2254,0,0
2,0.236495,4.2296,0,0
2,0.414238,4.231,0,0
2,0.350352,4.2316,0,0
2,0.662,4.2335,0,0
2,0.260037,4.2375,0,0
2,0.662,4.2389,0,0
2,0.662,4.239,0,0
2,0.0538536,4.2414,0,0
2,0.662,4.242,0,0
2,0.662,4.2429,0,0
2,0.662,4.2443,0,0
2,0.0846324,4.2459,0,0
2,0.128288,4.2471,0,0
2,0.662,4.2482,0,0
2,0.662,4.2502,0,0
2,0.662,4.2519,0,0
2,0.0953971,4.2566,0,0
2,0.662,4.2569,0,0
2,0.662,4.2587,0,0
2,0.0686481,4.2632,0,0
2,0.662,4.2651,0,0
2,0.0827897,4.2656,0,0
2,0.662,4.2677,0,0
2,0.460898,4.268,0,0
2,0.662,4.2719,0,0
2,0.662,4.2727,0,0
2,0.662,4.2747,0,0
2,0.662,4.2748,0,0
2,0.662,4.2777,0,0
2,0.27767,4.2808,0,0
2,0.662,4.281,0,0
2,0.10164,4.288,0,0
2,0.662,4.2897,0,0
2,0.020726,4.2927,0,0
2,0.0391328,4.295,0,0
2,0.662,4.2955,0,0
2,0.22139,4.2971,0,0
2,0.0590043,4.299,0,0
2,0.662,4.2996,0,0
2,0.662,4.3004,0,0
2,0.662,4.3027,0,0
2,0.277588,4.3036,0,0
2,0.0161395,4.3053,0,0
2,0.662,4.3057,0,0
2,0.386877,4.3069,0,0
2,0.391384,4.3086,0,0
2,0.31584,4.3096,0,0
2,0.404059,4.3113,0,0
2,0.472478,4.3128,0,0
2,0.662,4.3129,0,0
2,0.662,4.3133,0,0
2,0.354358,4.3147,0,0
2,0.00594826,4.3158,0,0
2,0.508353,4.316,0,0
2,0.662,4.3162,0,0
2,0.252614,4.3216,0,0
2,0.662,4.3218,0,0
2,0.662,4.3219,0,0
2,0.662,4.3229,0,0
2,0.662,4.3259,0,0
2,0.0907901,4.3266,0,0
2,0.371604,4.3272,0,0
2,0.438646,4.3291,0,0
2,0.662,4.3295,0,0
2,0.463813,4.3332,0,0
2,0.137823,4.3337,0,0
2,0.0943958,4.3351,0,0
2,0.662,4.338,0,0
2,0.662,4.3392,0,0
2,0.662,4.3402,0,0
2,0.0848145,4.3429,0,0
2,0.662,4.3437,0,0
2,0.662,4.3489,0,0
2,0.468022,4.349,0,0
2,0.662,4.3517,0,0
2,0.436036,4.3533,0,0
2,0.123071,4.3572,0,0
2,0.123145,4.3579,0,0
2,0.469563,4.3582,0,0
2,0.465168,4.3583,0,0
2,0.662,4.3585,0,0
2,0.111324,4.3587,0,0
2,0.662,4.3592,0,0
2,0.4258,4.361,0,0
2,0.0216395,4.3612,0,0
2,0.662,4.3637,0,0
2,0.457676,4.37,0,0
2,0.662,4.3716,0,0
2,0.125065,4.3717,0,0
2,0.662,4.372,0,0
2,0.662,4.3723,0,0
2,0.662,4.3737,0,0
2,0.104328,4.3747,0,0
2,0.321099,4.378,0,0
2,0.662,4.3793,0,0
2,0.467308,4.3803,0,0
2,0.521945,4.3813,0,0
2,0.378111,4.3832,0,0
2,0.460888,4.3866,0,0
2,0.0716557,4.3872,0,0
2,0.662,4.392,0,0
2,0.252892,4.3929,0,0
2,0.662,4.3931,0,0
2,0.662,4.394,0,0
2,0.471245,4.3959,0,0
2,0.662,4.3992,0,0
2,0.468244,4.4001,0,0
2,0.329624,4.4008,0,0
2,0.662,4.4044,0,0
2,0.662,4.4053,0,0
2,0.313668,4.4069,0,0
2,0.662,4.409,0,0
2,0.406583,4.4092,0,0
2,0.206728,4.4127,0,0
2,0.662,4.4166,0,0
2,0.662,4.4205,0,0
2,0.193047,4.4215,0,0
2,0.447582,4.4233,0,0
2,0.277422,4.4262,0,0
2,0.39523,4.4274,0,0
2,0.0970987,4.4289,0,0
2,0.66002,4.4321,0,0
2,0.662,4.433,0,0
2,0.662,4.4334,0,0
2,0.662,4.4342,0,0
2,0.218464,4.4355,0,0
2,0.356452,4.4366,0,0
2,0.201682,4.4371,0,0
2,0.662,4.4386,0,0
2,0.662,4.4418,0,0
2,0.0185312,4.4423,0,0
2,0.248588,4.4479,0,0
2,0.140143,4.4481,0,0
2,0.159866,4.4508,0,0
2,0.269813,4.4511,0,0
2,0.662,4.4523,0,0
2,0.330484,4.4536,0,0
2,0.662,4.4567,0,0
2,0.662,4.4575,0,0
2,0.662,4.4576,0,0
2,0.662,4.461,0,0
2,0.662,4.4632,0,0
2,0.662,4.464,0,0
2,0.662,4.4657,0,0
2,0.226315,4.4668,0,0
2,0.275788,4.4673,0,0
2,0.442902,4.4699,0,0
2,0.662,4.47,0,0
2,0.662,4.4749,0,0
2,0.311854,4.4756,0,0
2,0.662,4.4761,0,0
2,0.490928,4.4775,0,0
2,0.662,4.4782,0,0
2,0.637064,4.4811,0,0
2,0.267921,4.4819,0,0
2,0.229577,4.4827,0,0
2,0.0797705,4.4828,0,0
2,0.662,4.4829,0,0
2,0.262116,4.4833,0,0
2,0.662,4.485,0,0
2,0.662,4.4851,0,0
2,0.103314,4.4867,0,0
2,0.662,4.487,0,0
2,0.662,4.4877,0,0
2,0.25525,4.488,0,0
2,0.0920149,4.4907,0,0
2,0.662,4.4918,0,0
2,0.662,4.4948,0,0
2,0.662,4.4971,0,0
2,0.216075,4.4972,0,0
2,0.314458,4.499,0,0
2,0.146063,4.4998,0,0
2,0.662,4.5016,0,0
2,0.293854,4.5017,0,0
2,0.0404495,4.5041,0,0
2,0.0541789,4.5062,0,0
2,0.662,4.5085,0,0
2,0.662,4.5086,0,0
2,0.157178,4.5088,0,0
2,0.188677,4.5099,0,0
2,0.662,4.5102,0,0
2,0.637156,4.5109,0,0
2,0.662,4.5115,0,0
2,0.307191,4.5141,0,0
2,0.662,4.5146,0,0
2,0.102081,4.5154,0,0
2,0.228583,4.5182,0,0
2,0.52652,4.5206,0,0
2,0.194322,4.5218,0,0
2,0.103995,4.5277,0,0
2,0.662,4.528,0,0
2,0.397656,4.5283,0,0
2,0.128491,4.5314,0,0
2,0.248751,4.5347,0,0
2,0.420279,4.5349,0,0
2,0.0216211,4.5367,0,0
2,0.251482,4.5371,0,0
2,0.662,4.5407,0,0
2,0.174249,4.5426,0,0
2,0.662,4.5433,0,0
2,0.662,4.5465,0,0
2,0.662,4.5499,0,0
2,0.175244,4.5507,0,0
2,0.662,4.5518,0,0
2,0.662,4.5531,0,0
2,0.3507,4.5548,0,0
2,0.662,4.5587,0,0
2,0.660505,4.5632,0,0
2,0.257254,4.5667,0,0
2,0.0342775,4.5678,0,0
2,0.299521,4.5724,0,0
2,0.662,4.5738,0,0
2,0.662,4.5748,0,0
2,0.0535152,4.5749,0,0
2,0.0972162,4.5766,0,0
2,0.0679818,4.5776,0,0
2,0.294047,4.5794,0,0
2,0.114754,4.58,0,0
2,0.662,4.5807,0,0
2,0.662,4.5823,0,0
2,0.662,4.5844,0,0
2,0.429878,4.5847,0,0
2,0.662,4.5864,0,0
2,0.212577,4.5867,0,0
2,0.662,4.5873,0,0
2,0.662,4.5874,0,0
2,0.662,4.5892,0,0
2,0.662,4.5901,0,0
2,0.662,4.5905,0,0
2,0.400728,4.5906,0,0
2,0.662,4.5914,0,0
2,0.319749,4.595,0,0
2,0.454998,4.6007,0,0
2,0.662,4.6012,0,0
2,0.415666,4.6027,0,0
2,0.160788,4.6048,0,0
2,0.143901,4.6065,0,0
2,0.662,4.6104,0,0
2,0.317392,4.6106,0,0
2,0.0966134,4.6107,0,0
2,0.178616,4.6132,0,0
2,0.318688,4.6147,0,0
2,0.662,4.6149,0,0
2,0.185091,4.6153,0,0
2,0.662,4.6166,0,0
2,0.00204537,4.6168,0,0
2,0.301041,4.6169,0,0
2,0.662,4.6184,0,0
2,0.454792,4.6216,0,0
2,0.176095,4.6218,0,0
2,0.662,4.6223,0,0
2,0.349699,4.6225,0,0
2,0.324047,4.624,0,0
2,0.662,4.625,0,0
2,0.662,4.6286,0,0
2,0.662,4.6302,0,0
2,0.662,4.6339,0,0
2,0.129633,4.634,0,0
2,0.662,4.6347,0,0
2,0.0500817,4.6354,0,0
2,0.662,4.6365,0,0
2,0.66162,4.6396,0,0
2,0.448188,4.6406,0,0
2,0.449609,4.6413,0,0
2,0.662,4.6456,0,0
2,0.156702,4.6457,0,0
2,0.453363,4.6458,0,0
2,0.662,4.6477,0,0
2,0.129233,4.6505,0,0
2,0.382072,4.6507,0,0
2,0.435105,4.6532,0,0
2,0.662,4.6536,0,0
2,0.345982,4.6545,0,0
2,0.662,4.6549,0,0
2,0.048027,4.6564,0,0
2,0.168562,4.6575,0,0
2,0.662,4.6595,0,0
2,0.173438,4.6648,0,0
2,0.339161,4.6652,0,0
2,0.406361,4.6711,0,0
2,0.327701,4.6749,0,0
2,0.662,4.6797,0,0
2,0.0591844,4.6824,0,0
2,0.662,4.6828,0,0
2,0.662,4.6832,0,0
2,0.662,4.6873,0,0
2,0.662,4.6876,0,0
2,0.355669,4.6886,0,0
2,0.0441473,4.6894,0,0
2,0.130639,4.6901,0,0
2,0.041084,4.6908,0,0
2,0.662,4.6934,0,0
2,0.269875,4.6944,0,0
2,0.662,4.6962,0,0
2,0.662,4.6963,0,0
2,0.662,4.6975,0,0
2,0.662,4.6999,0,0
2,0.662,4.7002,0,0
2,0.662,4.7048,0,0
2,0.281804,4.7067,0,0
2,0.662,4.7074,0,0
2,0.65003,4.7114,0,0
2,0.662,4.7134,0,0
2,0.662,4.7192,0,0
2,0.662,4.7224,0,0
2,0.156575,4.7228,0,0
2,0.313715,4.7267,0,0
2,0.662,4.7283,0,0
2,0.367797,4.7284,0,0
2,0.662,4.7321,0,0
2,0.473552,4.7389,0,0
2,0.662,4.7404,0,0
2,0.662,4.7415,0,0
2,0.662,4.7455,0,0
2,0.662,4.7461,0,0
2,0.662,4.7464,0,0
2,0.044778,4.7468,0,0
2,0.441652,4.7498,0,0
2,0.436504,4.753,0,0
2,0.662,4.7541,0,0
2,0.241729,4.7555,0,0
2,0.0969063,4.7593,0,0
2,0.0781561,4.7604,0,0
2,0.15101,4.7605,0,0
2,0.374607,4.7659,0,0
2,0.662,4.7669,0,0
2,0.50623,4.767,0,0
2,0.662,4.7703,0,0
2,0.151943,4.7706,0,0
2,0.192052,4.7711,0,0
2,0.662,4.7718,0,0
2,0.662,4.7748,0,0
2,0.169374,4.7752,0,0
2,0.177325,4.7754,0,0
2,0.662,4.7758,0,0
2,0.662,4.7769,0,0
2,0.40231,4.7795,0,0
2,0.662,4.7802,0,0
2,0.662,4.7884,0,0
2,0.662,4.7931,0,0
2,0.662,4.7938,0,0
2,0.662,4.7967,0,0
2,0.662,4.7972,0,0
2,0.662,4.7989,0,0
2,0.259151,4.8006,0,0
2,0.296873,4.803,0,0
2,0.662,4.8032,0,0
2,0.299956,4.8033,0,0
2,0.662,4.804,0,0
2,0.0836437,4.8064,0,0
2,0.243844,4.8082,0,0
2,0.319324,4.8097,0,0
2,0.408745,4.8103,0,0
2,0.308603,4.8124,0,0
2,0.662,4.8179,0,0
2,0.662,4.8193,0,0
2,0.141038,4.8207,0,0
2,0.465693,4.8259,0,0
2,0.292128,4.8277,0,0
2,0.332713,4.8281,0,0
2,0.399685,4.8294,0,0
2,0.662,4.8323,0,0
2,0.662,4.8347,0,0
2,0.285271,4.836,0,0
2,0.38703,4.8391,0,0
2,0.662,4.8401,0,0
2,0.364393,4.8418,0,0
2,0.662,4.8419,0,0
2,0.372202,4.8423,0,0
2,0.46343,4.8431,0,0
2,0.662,4.8434,0,0
2,0.1551,4.8466,0,0
2,0.662,4.8477,0,0
2,0.662,4.8492,0,0
2,0.0925589,4.8494,0,0
2,0.282345,4.8541,0,0
2,0.117602,4.8571,0,0
2,0.662,4.8574,0,0
2,0.662,4.8598,0,0
2,0.662,4.86,0,0
2,0.137595,4.8607,0,0
2,0.170319,4.8628,0,0
2,0.431894,4.8629,0,0
2,0.440535,4.865,0,0
2,0.112974,4.8662,0,0
2,0.341612,4.8669,0,0
2,0.468372,4.8676,0,0
2,0.662,4.8686,0,0
2,0.662,4.872,0,0
2,0.662,4.8739,0,0
2,0.662,4.8747,0,0
2,0.384143,4.8748,0,0
2,0.121716,4.8751,0,0
2,0.338634,4.8763,0,0
2,0.101377,4.8787,0,0
2,0.658634,4.8812,0,0
2,0.40385,4.8832,0,0
2,0.324036,4.8878,0,0
2,0.662,4.8917,0,0
2,0.662,4.892,0,0
2,0.662,4.8946,0,0
2,0.179056,4.8974,0,0
2,0.309354,4.9007,0,0
2,0.401121,4.9014,0,0
2,0.205611,4.9034,0,0
2,0.662,4.9039,0,0
2,0.662,4.9051,0,0
2,0.133473,4.9055,0,0
2,0.325288,4.9057,0,0
2,0.662,4.9077,0,0
2,0.281341,4.9086,0,0
2,0.662,4.9099,0,0
2,0.662,4.9126,0,0
2,0.131765,4.9187,0,0
2,0.410836,4.9221,0,0
2,0.662,4.9223,0,0
2,0.173704,4.923,0,0
2,0.152135,4.9234,0,0
2,0.662,4.9236,0,0
2,0.44948,4.9273,0,0
2,0.662,4.928,0,0
2,0.333068,4.9297,0,0
2,0.322269,4.9339,0,0
2,0.227497,4.9349,0,0
2,0.105763,4.9352,0,0
2,0.662,4.9354,0,0
2,0.662,4.9378,0,0
2,0.00670759,4.9421,0,0
2,0.661258,4.9459,0,0
2,0.406835,4.947,0,0
2,0.260303,4.9472,0,0
2,0.662,4.9495,0,0
2,0.223299,4.9513,0,0
2,0.662,4.9519,0,0
2,0.430625,4.9552,0,0
2,0.662,4.9608,0,0
2,0.367123,4.9618,0,0
2,0.662,4.9629,0,0
2,0.0428022,4.9633,0,0
2,0.297835,4.9651,0,0
2,0.662,4.9677,0,0
2,0.662,4.9691,0,0
2,0.662,4.9698,0,0
2,0.472422,4.9715,0,0
2,0.662,4.9716,0,0
2,0.46686,4.9775,0,0
2,0.414988,4.9782,0,0
2,0.196443,4.9835,0,0
2,0.0950676,4.984,0,0
2,0.362135,4.986,0,0
2,0.165725,4.9878,0,0
2,0.662,4.9905,0,0
2,0.662,4.9946,0,0
2,0.422485,4.9998,0,0
